ASV_1	Nitrospira-sp.LPPL-bin249	96.2	132	5	0	1	396	58	189	4.9e-77	274.2	Nitrospira-sp.LPPL-bin249	396	298	100.0
ASV_2	Nitrospira-sp.LPPL-bin249	95.5	132	6	0	1	396	58	189	6.4e-77	273.9	Nitrospira-sp.LPPL-bin249	396	298	100.0
ASV_3	Nitrospira-sp.LPPL-bin249	95.5	132	6	0	1	396	58	189	6.4e-77	273.9	Nitrospira-sp.LPPL-bin249	396	298	100.0
ASV_4	Nitrospira-sp.Smid-bin44	100.0	132	0	0	1	396	58	189	1.2e-78	279.6	Nitrospira-sp.Smid-bin44	396	294	100.0
ASV_5	Nitrospira-sp.LPPL-bin249	95.5	132	6	0	1	396	58	189	6.4e-77	273.9	Nitrospira-sp.LPPL-bin249	396	298	100.0
ASV_6	Nitrospira-sp.RSF48	98.5	132	2	0	1	396	58	189	1.5e-62	226.1	Nitrospira-sp.RSF48	396	298	100.0
ASV_7	Nitrospira-sp.Smid-bin44	100.0	132	0	0	1	396	58	189	1.2e-78	279.6	Nitrospira-sp.Smid-bin44	396	294	100.0
ASV_8	Nitrospira-sp.LPPL-bin249	95.5	132	6	0	1	396	58	189	6.4e-77	273.9	Nitrospira-sp.LPPL-bin249	396	298	100.0
ASV_9	Nitrospira-sp.LPPL-bin249	95.5	132	6	0	1	396	58	189	1.1e-76	273.1	Nitrospira-sp.LPPL-bin249	396	298	100.0
ASV_10	Nitrospira-sp.LPPL-bin249	96.2	132	5	0	1	396	58	189	4.9e-77	274.2	Nitrospira-sp.LPPL-bin249	396	298	100.0
ASV_11	Nitrospira-sp.LPPL-bin249	95.5	132	6	0	1	396	58	189	6.4e-77	273.9	Nitrospira-sp.LPPL-bin249	396	298	100.0
ASV_12	Nitrospira-sp.GGF-bin22	86.4	132	18	0	1	396	58	189	2.0e-70	252.3	Nitrospira-sp.GGF-bin22	396	297	100.0
ASV_13	Nitrospira-sp.CTRL-LIN-TMP1	99.2	132	1	0	1	396	56	187	4.3e-73	261.2	Nitrospira-sp.CTRL-LIN-TMP1	396	280	100.0
ASV_14	Nitrospira-sp.GGF-bin22	97.0	132	4	0	1	396	58	189	4.9e-77	274.2	Nitrospira-sp.GGF-bin22	396	297	100.0
ASV_15	Nitrospira-sp.RSF3	97.7	132	3	0	1	396	58	189	1.7e-77	275.8	Nitrospira-sp.RSF3	396	297	100.0
ASV_16	Nitrospira-sp.GGF-bin22	87.9	132	16	0	1	396	58	189	2.1e-72	258.8	Nitrospira-sp.GGF-bin22	396	297	100.0
ASV_17	Nitrospira-sp.Smid-bin44	100.0	132	0	0	1	396	58	189	1.2e-78	279.6	Nitrospira-sp.Smid-bin44	396	294	100.0
ASV_18	Nitrospira-sp.GGF-bin22	96.2	132	5	0	1	396	58	189	6.4e-77	273.9	Nitrospira-sp.GGF-bin22	396	297	100.0
ASV_19	Nitrospira-sp.LPPL-bin249	95.5	132	6	0	1	396	58	189	6.4e-77	273.9	Nitrospira-sp.LPPL-bin249	396	298	100.0
ASV_20	Nitrospira-sp.LM-bin98	88.6	132	15	0	1	396	58	189	3.1e-71	255.0	Nitrospira-sp.LM-bin98	396	303	100.0
ASV_21	Nitrospira-sp.LPPL-bin249	95.5	132	6	0	1	396	58	189	1.1e-76	273.1	Nitrospira-sp.LPPL-bin249	396	298	100.0
ASV_22	Nitrospira-sp.GGF-bin22	96.2	132	5	0	1	396	58	189	6.4e-77	273.9	Nitrospira-sp.GGF-bin22	396	297	100.0
ASV_23	Nitrospira-sp.Smid-bin44	100.0	132	0	0	1	396	58	189	1.2e-78	279.6	Nitrospira-sp.Smid-bin44	396	294	100.0
ASV_24	Nitrospira-sp.LPPL-bin249	95.5	132	6	0	1	396	58	189	6.4e-77	273.9	Nitrospira-sp.LPPL-bin249	396	298	100.0
ASV_25	Nitrospira-sp.LPPL-bin249	95.5	132	6	0	1	396	58	189	6.4e-77	273.9	Nitrospira-sp.LPPL-bin249	396	298	100.0
ASV_26	Nitrospira-sp.LM-bin98	87.9	132	16	0	1	396	58	189	1.1e-71	256.5	Nitrospira-sp.LM-bin98	396	303	100.0
ASV_27	Nitrospira-sp.LPPL-bin249	95.5	132	6	0	1	396	58	189	1.1e-76	273.1	Nitrospira-sp.LPPL-bin249	396	298	100.0
ASV_28	Nitrospira-sp.LPPL-bin249	95.5	132	6	0	1	396	58	189	6.4e-77	273.9	Nitrospira-sp.LPPL-bin249	396	298	100.0
ASV_30	Nitrospira-sp.Smid-bin44	100.0	132	0	0	1	396	58	189	1.2e-78	279.6	Nitrospira-sp.Smid-bin44	396	294	100.0
ASV_31	Nitrospira-sp.RSF48	98.5	131	2	0	1	393	58	188	4.5e-62	224.6	Nitrospira-sp.RSF48	396	298	99.2
ASV_32	Nitrospira-sp.LPPL-bin249	97.7	132	3	0	1	396	58	189	9.9e-78	276.6	Nitrospira-sp.LPPL-bin249	396	298	100.0
ASV_33	Nitrospira-sp.Smid-bin44	100.0	132	0	0	1	396	58	189	1.2e-78	279.6	Nitrospira-sp.Smid-bin44	396	294	100.0
ASV_36	Nitrospira-sp.GGF-bin22	87.1	132	17	0	1	396	58	189	1.4e-71	256.1	Nitrospira-sp.GGF-bin22	396	297	100.0
ASV_37	Nitrospira-sp.GGF-bin22	87.9	132	16	0	1	396	58	189	2.1e-72	258.8	Nitrospira-sp.GGF-bin22	396	297	100.0
ASV_38	Nitrospira-sp.LM-bin98	88.6	132	15	0	1	396	58	189	3.1e-71	255.0	Nitrospira-sp.LM-bin98	396	303	100.0
ASV_39	Nitrospira-sp.LM-bin98	88.6	132	15	0	1	396	58	189	3.1e-71	255.0	Nitrospira-sp.LM-bin98	396	303	100.0
ASV_40	Nitrospira-sp.LPPL-bin249	95.5	132	6	0	1	396	58	189	6.4e-77	273.9	Nitrospira-sp.LPPL-bin249	396	298	100.0
ASV_41	Nitrospira-sp.Smid-bin44	100.0	132	0	0	1	396	58	189	1.2e-78	279.6	Nitrospira-sp.Smid-bin44	396	294	100.0
ASV_42	Nitrospira-sp.LPPL-bin249	95.5	132	6	0	1	396	58	189	6.4e-77	273.9	Nitrospira-sp.LPPL-bin249	396	298	100.0
ASV_43	Nitrospira-sp.Smid-bin44	87.9	132	16	0	1	396	58	189	4.0e-71	254.6	Nitrospira-sp.Smid-bin44	396	294	100.0
ASV_44	Nitrospira-sp.EFPC-84	99.2	132	1	0	1	396	58	189	2.0e-78	278.9	Nitrospira-sp.EFPC-84	396	291	100.0
ASV_45	Nitrospira-sp.LM-bin98	88.6	132	15	0	1	396	58	189	8.1e-72	256.9	Nitrospira-sp.LM-bin98	396	303	100.0
ASV_46	Nitrospira-sp.LM-bin98	88.6	132	15	0	1	396	58	189	4.0e-71	254.6	Nitrospira-sp.LM-bin98	396	303	100.0
ASV_47	Nitrospira-sp.Smid-bin44	100.0	132	0	0	1	396	58	189	1.2e-78	279.6	Nitrospira-sp.Smid-bin44	396	294	100.0
ASV_48	Nitrospira-sp.CTRL-LIN-TMP1	99.2	132	1	0	1	396	56	187	4.3e-73	261.2	Nitrospira-sp.CTRL-LIN-TMP1	396	280	100.0
ASV_50	Nitrospira-sp.LM-bin98	88.6	132	15	0	1	396	58	189	3.1e-71	255.0	Nitrospira-sp.LM-bin98	396	303	100.0
ASV_53	Nitrospira-sp.LPPL-bin249	96.2	132	5	0	1	396	58	189	4.9e-77	274.2	Nitrospira-sp.LPPL-bin249	396	298	100.0
ASV_54	Nitrospira-sp.Smid-bin44	100.0	132	0	0	1	396	58	189	1.2e-78	279.6	Nitrospira-sp.Smid-bin44	396	294	100.0
ASV_55	Nitrospira-sp.LM-bin98	88.6	132	15	0	1	396	58	189	3.1e-71	255.0	Nitrospira-sp.LM-bin98	396	303	100.0
ASV_56	Nitrospira-sp.GGF-bin22	87.9	132	16	0	1	396	58	189	2.1e-72	258.8	Nitrospira-sp.GGF-bin22	396	297	100.0
ASV_57	Nitrospira-sp.LPPL-bin249	94.7	132	7	0	1	396	58	189	1.1e-76	273.1	Nitrospira-sp.LPPL-bin249	396	298	100.0
ASV_58	Nitrospira-sp.LM-bin98	88.6	132	15	0	1	396	58	189	3.1e-71	255.0	Nitrospira-sp.LM-bin98	396	303	100.0
ASV_59	Nitrospira-sp.Smid-bin44	97.7	132	3	0	1	396	58	189	9.9e-78	276.6	Nitrospira-sp.Smid-bin44	396	294	100.0
ASV_60	Nitrospira-sp.ACE10	97.7	132	3	0	1	396	56	187	9.9e-78	276.6	Nitrospira-sp.ACE10	396	281	100.0
ASV_62	Nitrospira-sp.LM-bin98	88.6	132	15	0	1	396	58	189	3.1e-71	255.0	Nitrospira-sp.LM-bin98	396	303	100.0
ASV_63	Nitrospira-sp.GGF-bin22	87.1	132	17	0	1	396	58	189	1.4e-71	256.1	Nitrospira-sp.GGF-bin22	396	297	100.0
ASV_64	Nitrospira-sp.LPPL-bin249	95.5	132	6	0	1	396	58	189	6.4e-77	273.9	Nitrospira-sp.LPPL-bin249	396	298	100.0
ASV_65	Nitrospira-sp.LPPL-bin249	95.5	132	6	0	1	396	58	189	6.4e-77	273.9	Nitrospira-sp.LPPL-bin249	396	298	100.0
ASV_66	Nitrospira-sp.LPPL-bin249	97.7	132	3	0	1	396	58	189	9.9e-78	276.6	Nitrospira-sp.LPPL-bin249	396	298	100.0
ASV_67	Nitrospira-sp.Smid-bin44	87.9	132	16	0	1	396	58	189	1.2e-70	253.1	Nitrospira-sp.Smid-bin44	396	294	100.0
ASV_68	Nitrospira-sp.GGF-bin22	96.2	132	5	0	1	396	58	189	6.4e-77	273.9	Nitrospira-sp.GGF-bin22	396	297	100.0
ASV_70	Nitrospira-sp.LM-bin98	88.6	132	15	0	1	396	58	189	3.1e-71	255.0	Nitrospira-sp.LM-bin98	396	303	100.0
ASV_71	Nitrospira-sp.Smid-bin44	100.0	132	0	0	1	396	58	189	1.2e-78	279.6	Nitrospira-sp.Smid-bin44	396	294	100.0
ASV_72	Nitrospira-sp.LPPL-bin249	96.2	132	5	0	1	396	58	189	4.9e-77	274.2	Nitrospira-sp.LPPL-bin249	396	298	100.0
ASV_74	Nitrospira-sp.Smid-bin44	100.0	132	0	0	1	396	58	189	1.2e-78	279.6	Nitrospira-sp.Smid-bin44	396	294	100.0
ASV_75	Nitrospira-sp.GGF-bin22	86.4	132	18	0	1	396	58	189	2.0e-70	252.3	Nitrospira-sp.GGF-bin22	396	297	100.0
ASV_76	Nitrospira-sp.RSF48	98.5	132	2	0	1	396	58	189	1.5e-62	226.1	Nitrospira-sp.RSF48	396	298	100.0
ASV_78	Nitrospira-sp.LM-bin98	88.6	132	15	0	1	396	58	189	4.0e-71	254.6	Nitrospira-sp.LM-bin98	396	303	100.0
ASV_79	Nitrospira-sp.LPPL-bin249	95.5	132	6	0	1	396	58	189	6.4e-77	273.9	Nitrospira-sp.LPPL-bin249	396	298	100.0
ASV_81	Nitrospira-sp.LM-bin98	88.6	132	15	0	1	396	58	189	3.1e-71	255.0	Nitrospira-sp.LM-bin98	396	303	100.0
ASV_83	Nitrospira-sp.GGF-bin22	86.4	132	18	0	1	396	58	189	2.0e-70	252.3	Nitrospira-sp.GGF-bin22	396	297	100.0
ASV_85	Nitrospira-sp.GGF-bin22	88.6	132	15	0	1	396	58	189	5.6e-73	260.8	Nitrospira-sp.GGF-bin22	396	297	100.0
ASV_87	Nitrospira-sp.RSF3	97.7	132	3	0	1	396	58	189	1.7e-77	275.8	Nitrospira-sp.RSF3	396	297	100.0
ASV_88	Nitrospira-sp.LM-bin98	88.6	132	15	0	1	396	58	189	3.1e-71	255.0	Nitrospira-sp.LM-bin98	396	303	100.0
ASV_89	Nitrospira-sp.Smid-bin44	100.0	131	0	0	1	393	58	188	4.4e-78	277.7	Nitrospira-sp.Smid-bin44	396	294	99.2
ASV_90	Nitrospira-sp.LPPL-bin249	94.7	132	7	0	1	396	58	189	5.4e-76	270.8	Nitrospira-sp.LPPL-bin249	396	298	100.0
ASV_93	Nitrospira-sp.GGF-bin22	97.0	132	4	0	1	396	58	189	8.4e-77	273.5	Nitrospira-sp.GGF-bin22	396	297	100.0
ASV_94	Nitrospira-sp.Smid-bin44	100.0	132	0	0	1	396	58	189	1.2e-78	279.6	Nitrospira-sp.Smid-bin44	396	294	100.0
ASV_96	Nitrospira-sp.GGF-bin22	86.4	132	18	0	1	396	58	189	2.0e-70	252.3	Nitrospira-sp.GGF-bin22	396	297	100.0
ASV_98	Nitrospira-sp.LM-bin98	88.6	132	15	0	1	396	58	189	4.0e-71	254.6	Nitrospira-sp.LM-bin98	396	303	100.0
ASV_99	Nitrospira-sp.LPPL-bin249	96.2	132	5	0	1	396	58	189	4.9e-77	274.2	Nitrospira-sp.LPPL-bin249	396	298	100.0
ASV_100	Nitrospira-sp.GGF-bin22	86.4	132	18	0	1	396	58	189	2.0e-70	252.3	Nitrospira-sp.GGF-bin22	396	297	100.0
ASV_101	Nitrospira-sp.Smid-bin44	100.0	132	0	0	1	396	58	189	1.2e-78	279.6	Nitrospira-sp.Smid-bin44	396	294	100.0
ASV_103	Nitrospira-sp.GGF-bin22	87.1	132	17	0	1	396	58	189	2.4e-71	255.4	Nitrospira-sp.GGF-bin22	396	297	100.0
ASV_105	Nitrospira-sp.GGF-bin22	87.1	132	17	0	1	396	58	189	1.4e-71	256.1	Nitrospira-sp.GGF-bin22	396	297	100.0
ASV_107	Nitrospira-sp.LM-bin98	88.6	132	15	0	1	396	58	189	3.1e-71	255.0	Nitrospira-sp.LM-bin98	396	303	100.0
ASV_109	Nitrospira-sp.LPPL-bin249	95.5	132	6	0	1	396	58	189	6.4e-77	273.9	Nitrospira-sp.LPPL-bin249	396	298	100.0
ASV_111	Nitrospira-sp.LM-bin98	88.6	132	15	0	1	396	58	189	4.0e-71	254.6	Nitrospira-sp.LM-bin98	396	303	100.0
ASV_113	Nitrospira-sp.Smid-bin44	100.0	132	0	0	1	396	58	189	1.2e-78	279.6	Nitrospira-sp.Smid-bin44	396	294	100.0
ASV_115	Nitrospira-sp.GGF-bin22	87.1	132	17	0	1	396	58	189	1.4e-71	256.1	Nitrospira-sp.GGF-bin22	396	297	100.0
ASV_116	Nitrospira-sp.Smid-bin44	100.0	132	0	0	1	396	58	189	1.2e-78	279.6	Nitrospira-sp.Smid-bin44	396	294	100.0
ASV_119	Nitrospira-sp.LM-bin98	88.6	132	15	0	1	396	58	189	3.1e-71	255.0	Nitrospira-sp.LM-bin98	396	303	100.0
ASV_120	Nitrospira-sp.LPPL-bin249	95.5	132	6	0	1	396	58	189	1.1e-76	273.1	Nitrospira-sp.LPPL-bin249	396	298	100.0
ASV_123	Nitrospira-sp.Smid-bin44	100.0	132	0	0	1	396	58	189	1.2e-78	279.6	Nitrospira-sp.Smid-bin44	396	294	100.0
ASV_128	Nitrospira-sp.LM-bin98	88.6	132	15	0	1	396	58	189	3.1e-71	255.0	Nitrospira-sp.LM-bin98	396	303	100.0
ASV_129	Nitrospira-sp.Smid-bin44	100.0	132	0	0	1	396	58	189	1.2e-78	279.6	Nitrospira-sp.Smid-bin44	396	294	100.0
ASV_130	Nitrospira-sp.LM-bin98	88.6	132	15	0	1	396	58	189	4.0e-71	254.6	Nitrospira-sp.LM-bin98	396	303	100.0
ASV_131	Nitrospira-sp.LM-bin98	88.6	132	15	0	1	396	58	189	3.1e-71	255.0	Nitrospira-sp.LM-bin98	396	303	100.0
ASV_136	Nitrospira-sp.GGF-bin22	87.1	132	17	0	1	396	58	189	1.4e-71	256.1	Nitrospira-sp.GGF-bin22	396	297	100.0
ASV_137	Nitrospira-sp.Smid-bin44	87.9	132	16	0	1	396	58	189	1.2e-70	253.1	Nitrospira-sp.Smid-bin44	396	294	100.0
ASV_138	Nitrospira-sp.Smid-bin44	100.0	132	0	0	1	396	58	189	1.2e-78	279.6	Nitrospira-sp.Smid-bin44	396	294	100.0
ASV_139	Nitrospira-sp.GGF-bin22	87.9	132	16	0	1	396	58	189	2.1e-72	258.8	Nitrospira-sp.GGF-bin22	396	297	100.0
ASV_140	Nitrospira-sp.GGF-bin22	87.9	132	16	0	1	396	58	189	8.1e-72	256.9	Nitrospira-sp.GGF-bin22	396	297	100.0
ASV_141	Nitrospira-sp.LM-bin98	88.6	132	15	0	1	396	58	189	4.0e-71	254.6	Nitrospira-sp.LM-bin98	396	303	100.0
ASV_143	Nitrospira-sp.LM-bin98	88.6	132	15	0	1	396	58	189	3.1e-71	255.0	Nitrospira-sp.LM-bin98	396	303	100.0
ASV_144	Nitrospira-sp.LPPL-bin249	97.0	132	4	0	1	396	58	189	2.9e-77	275.0	Nitrospira-sp.LPPL-bin249	396	298	100.0
ASV_145	Nitrospira-sp.GGF-bin22	87.9	132	16	0	1	396	58	189	8.1e-72	256.9	Nitrospira-sp.GGF-bin22	396	297	100.0
ASV_146	Nitrospira-sp.Smid-bin44	100.0	132	0	0	1	396	58	189	1.2e-78	279.6	Nitrospira-sp.Smid-bin44	396	294	100.0
ASV_149	Nitrospira-sp.LM-bin98	88.6	132	15	0	1	396	58	189	3.1e-71	255.0	Nitrospira-sp.LM-bin98	396	303	100.0
ASV_151	Nitrospira-sp.GGF-bin22	86.4	132	18	0	1	396	58	189	2.0e-70	252.3	Nitrospira-sp.GGF-bin22	396	297	100.0
ASV_153	Nitrospira-sp.GGF-bin22	87.9	132	16	0	1	396	58	189	2.1e-72	258.8	Nitrospira-sp.GGF-bin22	396	297	100.0
ASV_154	Nitrospira-sp.CTRL-LIN-TMP1	99.2	132	1	0	1	396	56	187	3.3e-73	261.5	Nitrospira-sp.CTRL-LIN-TMP1	396	280	100.0
ASV_155	Nitrospira-sp.Smid-bin44	100.0	132	0	0	1	396	58	189	1.2e-78	279.6	Nitrospira-sp.Smid-bin44	396	294	100.0
ASV_157	Nitrospira-sp.Smid-bin44	100.0	132	0	0	1	396	58	189	1.2e-78	279.6	Nitrospira-sp.Smid-bin44	396	294	100.0
ASV_160	Nitrospira-sp.CTRL-LIN-TMP1	99.2	132	1	0	1	396	56	187	4.3e-73	261.2	Nitrospira-sp.CTRL-LIN-TMP1	396	280	100.0
ASV_161	Nitrospira-sp.RSF48	98.5	132	2	0	1	396	58	189	1.5e-62	226.1	Nitrospira-sp.RSF48	396	298	100.0
ASV_162	Nitrospira-sp.LM-bin98	88.6	132	15	0	1	396	58	189	3.1e-71	255.0	Nitrospira-sp.LM-bin98	396	303	100.0
ASV_163	Nitrospira-sp.GGF-bin22	87.1	132	17	0	1	396	58	189	2.4e-71	255.4	Nitrospira-sp.GGF-bin22	396	297	100.0
ASV_164	Nitrospira-sp.GGF-bin22	87.1	132	17	0	1	396	58	189	1.4e-71	256.1	Nitrospira-sp.GGF-bin22	396	297	100.0
ASV_165	Nitrospira-sp.GGF-bin22	96.2	132	5	0	1	396	58	189	6.4e-77	273.9	Nitrospira-sp.GGF-bin22	396	297	100.0
ASV_166	Nitrospira-sp.CTRL-LIN-TMP1	99.2	132	1	0	1	396	56	187	4.3e-73	261.2	Nitrospira-sp.CTRL-LIN-TMP1	396	280	100.0
ASV_167	Nitrospira-sp.RCB	93.2	132	9	0	1	396	58	189	7.1e-76	270.4	Nitrospira-sp.RCB	396	298	100.0
ASV_168	Nitrospira-sp.LM-bin98	88.6	132	15	0	1	396	58	189	8.1e-72	256.9	Nitrospira-sp.LM-bin98	396	303	100.0
ASV_169	Nitrospira-sp.LPPL-bin249	95.5	132	6	0	1	396	58	189	6.4e-77	273.9	Nitrospira-sp.LPPL-bin249	396	298	100.0
ASV_170	Nitrospira-sp.LM-bin98	88.6	132	15	0	1	396	58	189	8.1e-72	256.9	Nitrospira-sp.LM-bin98	396	303	100.0
ASV_171	Nitrospira-sp.Smid-bin44	100.0	132	0	0	1	396	58	189	1.2e-78	279.6	Nitrospira-sp.Smid-bin44	396	294	100.0
ASV_173	Nitrospira-sp.Smid-bin44	100.0	132	0	0	1	396	58	189	1.2e-78	279.6	Nitrospira-sp.Smid-bin44	396	294	100.0
ASV_174	Nitrospira-sp.Smid-bin44	100.0	132	0	0	1	396	58	189	1.2e-78	279.6	Nitrospira-sp.Smid-bin44	396	294	100.0
ASV_177	Nitrospira-sp.LPPL-bin249	95.5	132	6	0	1	396	58	189	6.4e-77	273.9	Nitrospira-sp.LPPL-bin249	396	298	100.0
ASV_178	Nitrospira-sp.GGF-bin22	96.2	132	5	0	1	396	58	189	6.4e-77	273.9	Nitrospira-sp.GGF-bin22	396	297	100.0
ASV_180	Nitrospira-sp.GGF-bin22	86.4	132	18	0	1	396	58	189	2.0e-70	252.3	Nitrospira-sp.GGF-bin22	396	297	100.0
ASV_181	Nitrospira-sp.GGF-bin22	86.4	132	18	0	1	396	58	189	2.0e-70	252.3	Nitrospira-sp.GGF-bin22	396	297	100.0
ASV_184	Nitrospira-sp.RSF48	97.7	132	3	0	1	396	58	189	2.0e-62	225.7	Nitrospira-sp.RSF48	396	298	100.0
ASV_185	Nitrospira-sp.Smid-bin44	100.0	132	0	0	1	396	58	189	1.2e-78	279.6	Nitrospira-sp.Smid-bin44	396	294	100.0
ASV_187	Nitrospira-sp.LM-bin98	88.6	132	15	0	1	396	58	189	3.1e-71	255.0	Nitrospira-sp.LM-bin98	396	303	100.0
ASV_189	Nitrospira-sp.CTRL-LIN-TMP1	99.2	132	1	0	1	396	56	187	4.3e-73	261.2	Nitrospira-sp.CTRL-LIN-TMP1	396	280	100.0
ASV_190	Nitrospira-sp.Smid-bin44	100.0	132	0	0	1	396	58	189	1.2e-78	279.6	Nitrospira-sp.Smid-bin44	396	294	100.0
ASV_191	Nitrospira-sp.LM-bin98	88.6	132	15	0	1	396	58	189	3.1e-71	255.0	Nitrospira-sp.LM-bin98	396	303	100.0
ASV_194	Nitrospira-sp.CTRL-LIN-TMP1	100.0	132	0	0	1	396	56	187	2.5e-73	261.9	Nitrospira-sp.CTRL-LIN-TMP1	396	280	100.0
ASV_198	Nitrospira-sp.Smid-bin44	100.0	132	0	0	1	396	58	189	1.2e-78	279.6	Nitrospira-sp.Smid-bin44	396	294	100.0
ASV_199	Nitrospira-sp.Smid-bin44	87.9	132	16	0	1	396	58	189	1.2e-70	253.1	Nitrospira-sp.Smid-bin44	396	294	100.0
ASV_203	Nitrospira-sp.Smid-bin44	87.9	132	16	0	1	396	58	189	1.2e-70	253.1	Nitrospira-sp.Smid-bin44	396	294	100.0
ASV_204	Nitrospira-sp.GGF-bin22	87.9	132	16	0	1	396	58	189	1.6e-72	259.2	Nitrospira-sp.GGF-bin22	396	297	100.0
ASV_206	Nitrospira-sp.GGF-bin22	87.1	132	17	0	1	396	58	189	1.4e-71	256.1	Nitrospira-sp.GGF-bin22	396	297	100.0
ASV_208	Nitrospira-sp.GGF-bin22	87.1	132	17	0	1	396	58	189	2.4e-71	255.4	Nitrospira-sp.GGF-bin22	396	297	100.0
ASV_210	Nitrospira-sp.GGF-bin22	87.9	132	16	0	1	396	58	189	1.6e-72	259.2	Nitrospira-sp.GGF-bin22	396	297	100.0
ASV_211	Nitrospira-sp.LPPL-bin249	95.5	132	6	0	1	396	58	189	6.4e-77	273.9	Nitrospira-sp.LPPL-bin249	396	298	100.0
ASV_212	Nitrospira-sp.LPPL-bin249	95.5	132	6	0	1	396	58	189	1.1e-76	273.1	Nitrospira-sp.LPPL-bin249	396	298	100.0
ASV_213	Nitrospira-sp.RSF48	98.5	132	2	0	1	396	58	189	1.5e-62	226.1	Nitrospira-sp.RSF48	396	298	100.0
ASV_214	Nitrospira-sp.Smid-bin44	100.0	132	0	0	1	396	58	189	1.2e-78	279.6	Nitrospira-sp.Smid-bin44	396	294	100.0
ASV_215	Nitrospira-sp.GGF-bin22	87.1	132	17	0	1	396	58	189	1.4e-71	256.1	Nitrospira-sp.GGF-bin22	396	297	100.0
ASV_217	Nitrospira-sp.LPPL-bin249	96.2	132	5	0	1	396	58	189	1.1e-76	273.1	Nitrospira-sp.LPPL-bin249	396	298	100.0
ASV_218	Nitrospira-sp.GGF-bin22	86.4	132	18	0	1	396	58	189	2.0e-70	252.3	Nitrospira-sp.GGF-bin22	396	297	100.0
ASV_225	Nitrospira-sp.GGF-bin22	86.4	132	18	0	1	396	58	189	2.0e-70	252.3	Nitrospira-sp.GGF-bin22	396	297	100.0
ASV_226	Nitrospira-sp.LM-bin98	88.6	132	15	0	1	396	58	189	4.0e-71	254.6	Nitrospira-sp.LM-bin98	396	303	100.0
ASV_227	Nitrospira-sp.GGF-bin22	96.2	132	5	0	1	396	58	189	6.4e-77	273.9	Nitrospira-sp.GGF-bin22	396	297	100.0
ASV_229	Nitrospira-sp.Smid-bin44	100.0	132	0	0	1	396	58	189	1.2e-78	279.6	Nitrospira-sp.Smid-bin44	396	294	100.0
ASV_231	Nitrospira-sp.Smid-bin44	100.0	132	0	0	1	396	58	189	1.2e-78	279.6	Nitrospira-sp.Smid-bin44	396	294	100.0
ASV_232	Nitrospira-sp.LM-bin98	88.6	132	15	0	1	396	58	189	3.1e-71	255.0	Nitrospira-sp.LM-bin98	396	303	100.0
ASV_234	Nitrospira-sp.LM-bin98	88.6	132	15	0	1	396	58	189	8.1e-72	256.9	Nitrospira-sp.LM-bin98	396	303	100.0
ASV_238	Nitrospira-sp.LPPL-bin249	95.5	132	6	0	1	396	58	189	6.4e-77	273.9	Nitrospira-sp.LPPL-bin249	396	298	100.0
ASV_242	Nitrospira-sp.EFPC-84	99.2	131	1	0	1	393	58	188	5.8e-78	277.3	Nitrospira-sp.EFPC-84	396	291	99.2
ASV_249	Nitrospira-sp.GGF-bin22	87.1	132	17	0	1	396	58	189	2.4e-71	255.4	Nitrospira-sp.GGF-bin22	396	297	100.0
ASV_254	Nitrospira-sp.LPPL-bin249	97.0	132	4	0	1	396	58	189	2.9e-77	275.0	Nitrospira-sp.LPPL-bin249	396	298	100.0
ASV_255	Nitrospira-sp.LPPL-bin249	97.0	132	4	0	1	396	58	189	8.4e-77	273.5	Nitrospira-sp.LPPL-bin249	396	298	100.0
ASV_257	Nitrospira-sp.Smid-bin44	100.0	132	0	0	1	396	58	189	1.2e-78	279.6	Nitrospira-sp.Smid-bin44	396	294	100.0
ASV_258	Nitrospira-sp.Smid-bin44	100.0	132	0	0	1	396	58	189	1.2e-78	279.6	Nitrospira-sp.Smid-bin44	396	294	100.0
ASV_261	Nitrospira-sp.ACE10	97.7	132	3	0	1	396	56	187	9.9e-78	276.6	Nitrospira-sp.ACE10	396	281	100.0
ASV_263	Nitrospira-sp.GGF-bin22	87.9	132	16	0	1	396	58	189	1.6e-72	259.2	Nitrospira-sp.GGF-bin22	396	297	100.0
ASV_264	Nitrospira-sp.LPPL-bin249	95.5	132	6	0	1	396	58	189	6.4e-77	273.9	Nitrospira-sp.LPPL-bin249	396	298	100.0
ASV_265	Nitrospira-sp.LPPL-bin249	96.2	132	5	0	1	396	58	189	4.9e-77	274.2	Nitrospira-sp.LPPL-bin249	396	298	100.0
ASV_266	Nitrospira-sp.GGF-bin22	96.2	132	5	0	1	396	58	189	1.1e-76	273.1	Nitrospira-sp.GGF-bin22	396	297	100.0
ASV_267	Nitrospira-sp.Smid-bin44	88.6	132	15	0	1	396	58	189	1.8e-71	255.8	Nitrospira-sp.Smid-bin44	396	294	100.0
ASV_269	Nitrospira-sp.CTRL-LIN-TMP1	98.5	132	2	0	1	396	56	187	1.1e-71	256.5	Nitrospira-sp.CTRL-LIN-TMP1	396	280	100.0
ASV_270	Nitrospira-sp.CTRL-LIN-TMP1	100.0	132	0	0	1	396	56	187	2.5e-73	261.9	Nitrospira-sp.CTRL-LIN-TMP1	396	280	100.0
ASV_271	Nitrospira-sp.LPPL-bin249	95.5	132	6	0	1	396	58	189	1.1e-76	273.1	Nitrospira-sp.LPPL-bin249	396	298	100.0
ASV_273	Nitrospira-sp.GGF-bin22	86.4	132	18	0	1	396	58	189	2.0e-70	252.3	Nitrospira-sp.GGF-bin22	396	297	100.0
ASV_275	Nitrospira-sp.LM-bin98	88.6	132	15	0	1	396	58	189	3.1e-71	255.0	Nitrospira-sp.LM-bin98	396	303	100.0
ASV_280	Nitrospira-sp.GGF-bin22	87.1	132	17	0	1	396	58	189	1.4e-71	256.1	Nitrospira-sp.GGF-bin22	396	297	100.0
ASV_284	Nitrospira-sp.Smid-bin44	97.7	132	3	0	1	396	58	189	9.9e-78	276.6	Nitrospira-sp.Smid-bin44	396	294	100.0
ASV_285	Nitrospira-sp.LM-bin98	88.6	132	15	0	1	396	58	189	8.1e-72	256.9	Nitrospira-sp.LM-bin98	396	303	100.0
ASV_286	Nitrospira-sp.Smid-bin44	88.6	132	15	0	1	396	58	189	3.1e-71	255.0	Nitrospira-sp.Smid-bin44	396	294	100.0
ASV_294	Nitrospira-sp.LPPL-bin249	95.5	132	6	0	1	396	58	189	1.1e-76	273.1	Nitrospira-sp.LPPL-bin249	396	298	100.0
ASV_295	Nitrospira-sp.LPPL-bin249	95.5	132	6	0	1	396	58	189	6.4e-77	273.9	Nitrospira-sp.LPPL-bin249	396	298	100.0
ASV_297	Nitrospira-sp.GGF-bin22	87.1	132	17	0	1	396	58	189	1.4e-71	256.1	Nitrospira-sp.GGF-bin22	396	297	100.0
ASV_300	Nitrospira-sp.KgW63	44.8	96	53	0	4	291	57	152	5.7e-22	90.9	Nitrospira-sp.KgW63	294	281	98.0
ASV_304	Nitrospira-sp.LM-bin98	88.6	132	15	0	1	396	58	189	8.1e-72	256.9	Nitrospira-sp.LM-bin98	396	303	100.0
ASV_307	Nitrospira-sp.Smid-bin44	99.2	132	1	0	1	396	58	189	2.0e-78	278.9	Nitrospira-sp.Smid-bin44	396	294	100.0
ASV_312	Nitrospira-sp.LM-bin98	87.9	132	16	0	1	396	58	189	1.1e-71	256.5	Nitrospira-sp.LM-bin98	396	303	100.0
ASV_314	Nitrospira-sp.Smid-bin44	100.0	132	0	0	1	396	58	189	1.2e-78	279.6	Nitrospira-sp.Smid-bin44	396	294	100.0
ASV_315	Nitrospira-sp.CTRL-LIN-TMP1	99.2	132	1	0	1	396	56	187	4.3e-73	261.2	Nitrospira-sp.CTRL-LIN-TMP1	396	280	100.0
ASV_316	Nitrospira-sp.LM-bin98	87.9	132	16	0	1	396	58	189	9.0e-71	253.4	Nitrospira-sp.LM-bin98	396	303	100.0
ASV_322	Nitrospira-sp.GGF-bin22	87.1	132	17	0	1	396	58	189	1.4e-71	256.1	Nitrospira-sp.GGF-bin22	396	297	100.0
ASV_324	Nitrospira-sp.CTRL-LIN-TMP1	100.0	132	0	0	1	396	56	187	2.5e-73	261.9	Nitrospira-sp.CTRL-LIN-TMP1	396	280	100.0
ASV_327	Nitrospira-sp.GGF-bin22	96.2	132	5	0	1	396	58	189	6.4e-77	273.9	Nitrospira-sp.GGF-bin22	396	297	100.0
ASV_329	Nitrospira-sp.LPPL-bin249	95.5	132	6	0	1	396	58	189	1.1e-76	273.1	Nitrospira-sp.LPPL-bin249	396	298	100.0
ASV_331	Nitrospira-sp.GGF-bin22	86.4	132	18	0	1	396	58	189	2.0e-70	252.3	Nitrospira-sp.GGF-bin22	396	297	100.0
ASV_332	Nitrospira-sp.Smid-bin44	100.0	132	0	0	1	396	58	189	1.2e-78	279.6	Nitrospira-sp.Smid-bin44	396	294	100.0
ASV_333	Nitrospira-sp.CTRL-LIN-TMP1	99.2	132	1	0	1	396	56	187	4.3e-73	261.2	Nitrospira-sp.CTRL-LIN-TMP1	396	280	100.0
ASV_337	Nitrospira-sp.Smid-bin44	87.9	132	16	0	1	396	58	189	1.2e-70	253.1	Nitrospira-sp.Smid-bin44	396	294	100.0
ASV_338	Nitrospira-sp.GGF-bin22	87.9	132	16	0	1	396	58	189	2.1e-72	258.8	Nitrospira-sp.GGF-bin22	396	297	100.0
ASV_339	Nitrospira-sp.Smid-bin44	100.0	132	0	0	1	396	58	189	1.2e-78	279.6	Nitrospira-sp.Smid-bin44	396	294	100.0
ASV_340	Nitrospira-sp.ACE10	97.0	132	4	0	1	396	56	187	6.4e-77	273.9	Nitrospira-sp.ACE10	396	281	100.0
ASV_344	Nitrospira-sp.KgW63	44.8	96	53	0	4	291	57	152	5.7e-22	90.9	Nitrospira-sp.KgW63	294	281	98.0
ASV_346	Nitrospira-sp.LM-bin98	88.6	132	15	0	1	396	58	189	3.1e-71	255.0	Nitrospira-sp.LM-bin98	396	303	100.0
ASV_347	Nitrospira-sp.LM-bin98	90.2	132	13	0	1	396	58	189	1.1e-71	256.5	Nitrospira-sp.LM-bin98	396	303	100.0
ASV_348	Nitrospira-sp.CTRL-LIN-TMP1	99.2	132	1	0	1	396	56	187	4.3e-73	261.2	Nitrospira-sp.CTRL-LIN-TMP1	396	280	100.0
ASV_349	Nitrospira-sp.LM-bin98	89.4	132	14	0	1	396	58	189	1.8e-71	255.8	Nitrospira-sp.LM-bin98	396	303	100.0
ASV_350	Nitrospira-sp.LM-bin98	94.7	132	7	0	1	396	58	189	6.0e-75	267.3	Nitrospira-sp.LM-bin98	396	303	100.0
ASV_351	Nitrospira-sp.ACE10	97.0	132	4	0	1	396	56	187	2.4e-76	271.9	Nitrospira-sp.ACE10	396	281	100.0
ASV_357	Nitrospira-sp.Smid-bin44	100.0	132	0	0	1	396	58	189	1.2e-78	279.6	Nitrospira-sp.Smid-bin44	396	294	100.0
ASV_361	Nitrospira-sp.RCB	86.4	132	18	0	1	396	58	189	4.0e-71	254.6	Nitrospira-sp.RCB	396	298	100.0
ASV_363	Nitrospira-sp.LM-bin98	87.9	132	16	0	1	396	58	189	1.2e-70	253.1	Nitrospira-sp.LM-bin98	396	303	100.0
ASV_368	Nitrospira-sp.CTRL-LIN-TMP1	99.2	132	1	0	1	396	56	187	4.3e-73	261.2	Nitrospira-sp.CTRL-LIN-TMP1	396	280	100.0
ASV_376	Nitrospira-sp.GGF-bin22	87.1	132	17	0	1	396	58	189	1.4e-71	256.1	Nitrospira-sp.GGF-bin22	396	297	100.0
ASV_378	Nitrospira-sp.Smid-bin44	100.0	132	0	0	1	396	58	189	1.2e-78	279.6	Nitrospira-sp.Smid-bin44	396	294	100.0
ASV_380	Nitrospira-sp.Smid-bin44	100.0	132	0	0	1	396	58	189	1.2e-78	279.6	Nitrospira-sp.Smid-bin44	396	294	100.0
ASV_383	Nitrospira-sp.RCB	85.9	85	12	0	3	257	105	189	5.1e-43	160.6	Nitrospira-sp.RCB	257	298	99.2
ASV_390	Nitrospira-sp.GGF-bin22	88.6	132	15	0	1	396	58	189	5.6e-73	260.8	Nitrospira-sp.GGF-bin22	396	297	100.0
ASV_397	Nitrospira-sp.LPPL-bin249	96.2	132	5	0	1	396	58	189	1.1e-76	273.1	Nitrospira-sp.LPPL-bin249	396	298	100.0
ASV_399	Nitrospira-sp.GGF-bin22	96.2	132	5	0	1	396	58	189	1.1e-76	273.1	Nitrospira-sp.GGF-bin22	396	297	100.0
ASV_400	Nitrospira-sp.GGF-bin22	87.1	132	17	0	1	396	58	189	1.4e-71	256.1	Nitrospira-sp.GGF-bin22	396	297	100.0
ASV_401	Nitrospira-sp.CTRL-LIN-TMP1	100.0	132	0	0	1	396	56	187	2.5e-73	261.9	Nitrospira-sp.CTRL-LIN-TMP1	396	280	100.0
ASV_402	Nitrospira-sp.GGF-bin22	96.2	132	5	0	1	396	58	189	6.4e-77	273.9	Nitrospira-sp.GGF-bin22	396	297	100.0
ASV_411	Nitrospira-sp.CTRL-LIN-TMP1	99.2	132	1	0	1	396	56	187	4.3e-73	261.2	Nitrospira-sp.CTRL-LIN-TMP1	396	280	100.0
ASV_416	Nitrospira-sp.RSF48	97.7	132	3	0	1	396	58	189	2.0e-62	225.7	Nitrospira-sp.RSF48	396	298	100.0
ASV_419	Nitrospira-sp.Smid-bin44	100.0	132	0	0	1	396	58	189	1.2e-78	279.6	Nitrospira-sp.Smid-bin44	396	294	100.0
ASV_424	Nitrospira-sp.GGF-bin22	86.4	132	18	0	1	396	58	189	2.0e-70	252.3	Nitrospira-sp.GGF-bin22	396	297	100.0
ASV_428	Nitrospira-sp.CTRL-LIN-TMP1	96.2	132	5	0	1	396	56	187	3.6e-72	258.1	Nitrospira-sp.CTRL-LIN-TMP1	396	280	100.0
ASV_429	Nitrospira-sp.Smid-bin44	100.0	132	0	0	1	396	58	189	1.2e-78	279.6	Nitrospira-sp.Smid-bin44	396	294	100.0
ASV_430	Nitrospira-sp.Smid-bin44	87.1	132	17	0	1	396	58	189	1.5e-70	252.7	Nitrospira-sp.Smid-bin44	396	294	100.0
ASV_431	Nitrospira-sp.Smid-bin44	100.0	132	0	0	1	396	58	189	1.2e-78	279.6	Nitrospira-sp.Smid-bin44	396	294	100.0
ASV_438	Nitrospira-sp.Smid-bin44	100.0	132	0	0	1	396	58	189	1.2e-78	279.6	Nitrospira-sp.Smid-bin44	396	294	100.0
ASV_441	Nitrospira-sp.LPPL-bin249	96.2	132	5	0	1	396	58	189	4.9e-77	274.2	Nitrospira-sp.LPPL-bin249	396	298	100.0
ASV_445	Nitrospira-sp.LM-bin98	94.7	132	7	0	1	396	58	189	6.0e-75	267.3	Nitrospira-sp.LM-bin98	396	303	100.0
ASV_447	Nitrospira-sp.CTRL-LIN-TMP1	99.2	132	1	0	1	396	56	187	4.3e-73	261.2	Nitrospira-sp.CTRL-LIN-TMP1	396	280	100.0
ASV_454	Nitrospira-sp.Smid-bin44	87.9	132	16	0	1	396	58	189	1.2e-70	253.1	Nitrospira-sp.Smid-bin44	396	294	100.0
ASV_462	Nitrospira-sp.LPPL-bin249	90.2	132	13	0	1	396	58	189	1.6e-72	259.2	Nitrospira-sp.LPPL-bin249	396	298	100.0
ASV_464	Nitrospira-sp.LPPL-bin249	96.2	132	5	0	1	396	58	189	6.4e-77	273.9	Nitrospira-sp.LPPL-bin249	396	298	100.0
ASV_469	Nitrospira-sp.LM-bin98	89.4	132	14	0	1	396	58	189	1.8e-71	255.8	Nitrospira-sp.LM-bin98	396	303	100.0
ASV_471	Nitrospira-sp.CTRL-LIN-TMP1	99.2	132	1	0	1	396	56	187	4.3e-73	261.2	Nitrospira-sp.CTRL-LIN-TMP1	396	280	100.0
ASV_473	Nitrospira-sp.CTRL-LIN-TMP1	96.2	132	5	0	1	396	56	187	3.6e-72	258.1	Nitrospira-sp.CTRL-LIN-TMP1	396	280	100.0
ASV_477	Nitrospira-sp.RSF48	97.7	132	3	0	1	396	58	189	2.0e-62	225.7	Nitrospira-sp.RSF48	396	298	100.0
ASV_487	Nitrospira-sp.RSF48	98.5	132	2	0	1	396	58	189	1.5e-62	226.1	Nitrospira-sp.RSF48	396	298	100.0
ASV_490	Nitrospira-sp.RSF48	97.7	132	3	0	1	396	58	189	2.0e-62	225.7	Nitrospira-sp.RSF48	396	298	100.0
ASV_492	Nitrospira-sp.LPPL-bin249	96.2	132	5	0	1	396	58	189	1.1e-76	273.1	Nitrospira-sp.LPPL-bin249	396	298	100.0
ASV_493	Nitrospira-sp.LPPL-bin249	95.5	132	6	0	1	396	58	189	1.1e-76	273.1	Nitrospira-sp.LPPL-bin249	396	298	100.0
ASV_495	Nitrospira-sp.EFPC-84	99.2	132	1	0	1	396	58	189	2.0e-78	278.9	Nitrospira-sp.EFPC-84	396	291	100.0
ASV_499	Nitrospira-sp.Smid-bin44	88.6	132	15	0	1	396	58	189	3.1e-71	255.0	Nitrospira-sp.Smid-bin44	396	294	100.0
ASV_500	Nitrospira-sp.GGF-bin22	97.0	132	4	0	1	396	58	189	8.4e-77	273.5	Nitrospira-sp.GGF-bin22	396	297	100.0
ASV_504	Nitrospira-sp.GGF-bin22	87.1	132	17	0	1	396	58	189	2.4e-71	255.4	Nitrospira-sp.GGF-bin22	396	297	100.0
ASV_506	Nitrospira-sp.LPPL-bin249	94.7	132	7	0	1	396	58	189	5.4e-76	270.8	Nitrospira-sp.LPPL-bin249	396	298	100.0
ASV_512	Nitrospira-sp.GGF-bin22	87.1	132	17	0	1	396	58	189	1.4e-71	256.1	Nitrospira-sp.GGF-bin22	396	297	100.0
ASV_516	Nitrospira-sp.LM-bin98	88.6	132	15	0	1	396	58	189	3.1e-71	255.0	Nitrospira-sp.LM-bin98	396	303	100.0
ASV_517	Nitrospira-sp.GGF-bin22	96.2	132	5	0	1	396	58	189	1.1e-76	273.1	Nitrospira-sp.GGF-bin22	396	297	100.0
ASV_518	Nitrospira-sp.LM-bin98	90.2	132	13	0	1	396	58	189	1.1e-71	256.5	Nitrospira-sp.LM-bin98	396	303	100.0
ASV_519	Nitrospira-sp.CTRL-LIN-TMP1	99.2	132	1	0	1	396	56	187	4.3e-73	261.2	Nitrospira-sp.CTRL-LIN-TMP1	396	280	100.0
ASV_521	Nitrospira-sp.LPPL-bin249	78.0	132	29	0	1	396	58	189	7.6e-62	223.8	Nitrospira-sp.LPPL-bin249	396	298	100.0
ASV_543	Nitrospira-sp.ACE10	97.0	132	4	0	1	396	56	187	2.4e-76	271.9	Nitrospira-sp.ACE10	396	281	100.0
ASV_550	Nitrospira-sp.Smid-bin44	100.0	132	0	0	1	396	58	189	1.2e-78	279.6	Nitrospira-sp.Smid-bin44	396	294	100.0
ASV_553	Nitrospira-sp.GGF-bin22	87.9	132	16	0	1	396	58	189	1.6e-72	259.2	Nitrospira-sp.GGF-bin22	396	297	100.0
ASV_562	Nitrospira-sp.LM-bin98	94.7	132	7	0	1	396	58	189	6.0e-75	267.3	Nitrospira-sp.LM-bin98	396	303	100.0
ASV_568	Nitrospira-sp.Smid-bin44	88.6	132	15	0	1	396	58	189	3.1e-71	255.0	Nitrospira-sp.Smid-bin44	396	294	100.0
ASV_571	Nitrospira-sp.RSF48	98.5	132	2	0	1	396	58	189	1.5e-62	226.1	Nitrospira-sp.RSF48	396	298	100.0
ASV_573	Nitrospira-sp.LPPL-bin249	97.0	132	4	0	1	396	58	189	8.4e-77	273.5	Nitrospira-sp.LPPL-bin249	396	298	100.0
ASV_574	Nitrospira-sp.LM-bin98	88.6	132	15	0	1	396	58	189	3.1e-71	255.0	Nitrospira-sp.LM-bin98	396	303	100.0
ASV_580	Nitrospira-sp.Smid-bin44	87.1	132	17	0	1	396	58	189	1.5e-70	252.7	Nitrospira-sp.Smid-bin44	396	294	100.0
ASV_582	Nitrospira-sp.LM-bin98	88.6	132	15	0	1	396	58	189	3.1e-71	255.0	Nitrospira-sp.LM-bin98	396	303	100.0
ASV_587	Nitrospira-sp.Smid-bin44	87.9	132	16	0	1	396	58	189	1.2e-70	253.1	Nitrospira-sp.Smid-bin44	396	294	100.0
ASV_606	Nitrospira-sp.GGF-bin22	86.4	132	18	0	1	396	58	189	2.0e-70	252.3	Nitrospira-sp.GGF-bin22	396	297	100.0
ASV_613	Nitrospira-sp.LPPL-bin249	95.5	132	6	0	1	396	58	189	1.1e-76	273.1	Nitrospira-sp.LPPL-bin249	396	298	100.0
ASV_617	Nitrospira-sp.CTRL-LIN-TMP1	100.0	132	0	0	1	396	56	187	2.5e-73	261.9	Nitrospira-sp.CTRL-LIN-TMP1	396	280	100.0
ASV_622	Nitrospira-sp.GGF-bin22	96.2	132	5	0	1	396	58	189	6.4e-77	273.9	Nitrospira-sp.GGF-bin22	396	297	100.0
ASV_630	Nitrospira-sp.LPPL-bin249	95.5	132	6	0	1	396	58	189	6.4e-77	273.9	Nitrospira-sp.LPPL-bin249	396	298	100.0
ASV_631	Nitrospira-sp.GGF-bin22	86.4	132	18	0	1	396	58	189	2.0e-70	252.3	Nitrospira-sp.GGF-bin22	396	297	100.0
ASV_635	Nitrospira-sp.Smid-bin44	98.5	132	2	0	1	396	58	189	5.8e-78	277.3	Nitrospira-sp.Smid-bin44	396	294	100.0
ASV_638	Nitrospira-sp.RSF48	97.7	132	3	0	1	396	58	189	2.0e-62	225.7	Nitrospira-sp.RSF48	396	298	100.0
ASV_639	Nitrospira-sp.Smid-bin44	100.0	132	0	0	1	396	58	189	1.2e-78	279.6	Nitrospira-sp.Smid-bin44	396	294	100.0
ASV_641	Nitrospira-sp.LPPL-bin249	99.2	132	1	0	1	396	58	189	2.0e-78	278.9	Nitrospira-sp.LPPL-bin249	396	298	100.0
ASV_645	Nitrospira-sp.Smid-bin44	88.6	132	15	0	1	396	58	189	3.1e-71	255.0	Nitrospira-sp.Smid-bin44	396	294	100.0
ASV_646	Nitrospira-sp.LPPL-bin249	96.2	132	5	0	1	396	58	189	4.9e-77	274.2	Nitrospira-sp.LPPL-bin249	396	298	100.0
ASV_650	Nitrospira-sp.Smid-bin44	100.0	132	0	0	1	396	58	189	1.2e-78	279.6	Nitrospira-sp.Smid-bin44	396	294	100.0
ASV_651	Nitrospira-sp.LM-bin98	88.6	132	15	0	1	396	58	189	3.1e-71	255.0	Nitrospira-sp.LM-bin98	396	303	100.0
ASV_657	Nitrospira-sp.LPPL-bin249	95.5	132	6	0	1	396	58	189	6.4e-77	273.9	Nitrospira-sp.LPPL-bin249	396	298	100.0
ASV_658	Nitrospira-sp.LM-bin98	89.4	132	14	0	1	396	58	189	1.8e-71	255.8	Nitrospira-sp.LM-bin98	396	303	100.0
ASV_660	Nitrospira-sp.LPPL-bin249	97.0	132	4	0	1	396	58	189	2.9e-77	275.0	Nitrospira-sp.LPPL-bin249	396	298	100.0
ASV_666	Nitrospira-sp.GGF-bin22	87.1	132	17	0	1	396	58	189	2.4e-71	255.4	Nitrospira-sp.GGF-bin22	396	297	100.0
ASV_669	Nitrospira-sp.LPPL-bin249	96.2	132	5	0	1	396	58	189	4.9e-77	274.2	Nitrospira-sp.LPPL-bin249	396	298	100.0
ASV_682	Nitrospira-sp.Smid-bin44	87.9	132	16	0	1	396	58	189	1.2e-70	253.1	Nitrospira-sp.Smid-bin44	396	294	100.0
ASV_685	Nitrospira-sp.KgW63	44.8	96	53	0	4	291	57	152	5.7e-22	90.9	Nitrospira-sp.KgW63	294	281	98.0
ASV_689	Nitrospira-sp.GGF-bin22	96.2	132	5	0	1	396	58	189	6.4e-77	273.9	Nitrospira-sp.GGF-bin22	396	297	100.0
ASV_695	Nitrospira-sp.Smid-bin44	87.9	132	16	0	1	396	58	189	1.2e-70	253.1	Nitrospira-sp.Smid-bin44	396	294	100.0
ASV_696	Nitrospira-sp.Smid-bin44	87.9	132	16	0	1	396	58	189	1.2e-70	253.1	Nitrospira-sp.Smid-bin44	396	294	100.0
ASV_698	Nitrospira-sp.GGF-bin22	86.4	132	18	0	1	396	58	189	2.0e-70	252.3	Nitrospira-sp.GGF-bin22	396	297	100.0
ASV_701	Nitrospira-sp.LPPL-bin249	96.2	132	5	0	1	396	58	189	4.9e-77	274.2	Nitrospira-sp.LPPL-bin249	396	298	100.0
ASV_707	Nitrospira-sp.CTRL-LIN-TMP1	99.2	132	1	0	1	396	56	187	4.3e-73	261.2	Nitrospira-sp.CTRL-LIN-TMP1	396	280	100.0
ASV_709	Nitrospira-sp.LPPL-bin249	97.7	132	3	0	1	396	58	189	7.6e-78	276.9	Nitrospira-sp.LPPL-bin249	396	298	100.0
ASV_710	Nitrospira-sp.LM-bin98	88.6	132	15	0	1	396	58	189	3.1e-71	255.0	Nitrospira-sp.LM-bin98	396	303	100.0
ASV_717	Nitrospira-sp.LPPL-bin249	97.0	132	4	0	1	396	58	189	8.4e-77	273.5	Nitrospira-sp.LPPL-bin249	396	298	100.0
ASV_724	Nitrospira-sp.GGF-bin22	87.9	132	16	0	1	396	58	189	1.2e-72	259.6	Nitrospira-sp.GGF-bin22	396	297	100.0
ASV_727	Nitrospira-sp.LPPL-bin249	95.5	132	6	0	1	396	58	189	6.4e-77	273.9	Nitrospira-sp.LPPL-bin249	396	298	100.0
ASV_730	Nitrospira-sp.LPPL-bin249	78.0	132	29	0	1	396	58	189	7.6e-62	223.8	Nitrospira-sp.LPPL-bin249	396	298	100.0
ASV_732	Nitrospira-sp.Smid-bin44	90.9	132	12	0	1	396	58	189	1.1e-71	256.5	Nitrospira-sp.Smid-bin44	396	294	100.0
ASV_737	Nitrospira-sp.LPPL-bin249	97.0	132	4	0	1	396	58	189	1.3e-77	276.2	Nitrospira-sp.LPPL-bin249	396	298	100.0
ASV_738	Nitrospira-sp.LM-bin98	88.6	132	15	0	1	396	58	189	3.1e-71	255.0	Nitrospira-sp.LM-bin98	396	303	100.0
ASV_741	Nitrospira-sp.LPPL-bin249	95.5	132	6	0	1	396	58	189	6.4e-77	273.9	Nitrospira-sp.LPPL-bin249	396	298	100.0
ASV_744	Nitrospira-sp.Smid-bin44	99.2	132	1	0	1	396	58	189	2.0e-78	278.9	Nitrospira-sp.Smid-bin44	396	294	100.0
ASV_746	Nitrospira-sp.LPPL-bin249	95.5	132	6	0	1	396	58	189	6.4e-77	273.9	Nitrospira-sp.LPPL-bin249	396	298	100.0
ASV_748	Nitrospira-sp.Smid-bin44	100.0	132	0	0	1	396	58	189	1.2e-78	279.6	Nitrospira-sp.Smid-bin44	396	294	100.0
ASV_752	Nitrospira-sp.GGF-bin22	86.4	132	18	0	1	396	58	189	2.0e-70	252.3	Nitrospira-sp.GGF-bin22	396	297	100.0
ASV_753	Nitrospira-sp.Smid-bin44	87.1	132	17	0	1	396	58	189	1.5e-70	252.7	Nitrospira-sp.Smid-bin44	396	294	100.0
ASV_757	Nitrospira-sp.CTRL-LIN-TMP1	98.5	132	2	0	1	396	56	187	5.6e-73	260.8	Nitrospira-sp.CTRL-LIN-TMP1	396	280	100.0
ASV_758	Nitrospira-sp.YR-XLJ2	48.0	98	51	0	1	294	56	153	1.2e-27	109.8	Nitrospira-sp.YR-XLJ2	294	279	100.0
ASV_762	Nitrospira-sp.GGF-bin22	76.5	132	31	0	1	396	58	189	9.9e-62	223.4	Nitrospira-sp.GGF-bin22	396	297	100.0
ASV_775	Nitrospira-sp.GGF-bin22	75.8	132	32	0	1	396	58	189	4.9e-61	221.1	Nitrospira-sp.GGF-bin22	396	297	100.0
ASV_781	Nitrospira-sp.Smid-bin44	100.0	132	0	0	1	396	58	189	1.2e-78	279.6	Nitrospira-sp.Smid-bin44	396	294	100.0
ASV_783	Nitrospira-sp.Smid-bin44	100.0	132	0	0	1	396	58	189	1.2e-78	279.6	Nitrospira-sp.Smid-bin44	396	294	100.0
ASV_786	Nitrospira-sp.LPPL-bin249	97.0	132	4	0	1	396	58	189	2.9e-77	275.0	Nitrospira-sp.LPPL-bin249	396	298	100.0
ASV_789	Nitrospira-sp.Smid-bin44	100.0	132	0	0	1	396	58	189	1.2e-78	279.6	Nitrospira-sp.Smid-bin44	396	294	100.0
ASV_800	Nitrospira-sp.Smid-bin44	87.9	132	16	0	1	396	58	189	1.2e-70	253.1	Nitrospira-sp.Smid-bin44	396	294	100.0
ASV_808	Nitrospira-sp.CTRL-LIN-TMP1	99.2	132	1	0	1	396	56	187	4.3e-73	261.2	Nitrospira-sp.CTRL-LIN-TMP1	396	280	100.0
ASV_810	Nitrospira-sp.Smid-bin44	100.0	132	0	0	1	396	58	189	1.2e-78	279.6	Nitrospira-sp.Smid-bin44	396	294	100.0
ASV_815	Nitrospira-sp.Smid-bin44	100.0	132	0	0	1	396	58	189	1.2e-78	279.6	Nitrospira-sp.Smid-bin44	396	294	100.0
ASV_820	Nitrospira-sp.LPPL-bin249	95.5	132	6	0	1	396	58	189	6.4e-77	273.9	Nitrospira-sp.LPPL-bin249	396	298	100.0
ASV_821	Nitrospira-sp.GGF-bin22	87.1	132	17	0	1	396	58	189	2.4e-71	255.4	Nitrospira-sp.GGF-bin22	396	297	100.0
ASV_828	Nitrospira-sp.LPPL-bin249	97.0	132	4	0	1	396	58	189	1.1e-76	273.1	Nitrospira-sp.LPPL-bin249	396	298	100.0
ASV_831	Nitrospira-sp.Smid-bin44	97.7	132	3	0	1	396	58	189	9.9e-78	276.6	Nitrospira-sp.Smid-bin44	396	294	100.0
ASV_840	Nitrospira-sp.GGF-bin22	86.4	132	18	0	1	396	58	189	2.0e-70	252.3	Nitrospira-sp.GGF-bin22	396	297	100.0
ASV_853	Nitrospira-sp.GGF-bin22	97.0	132	4	0	1	396	58	189	8.4e-77	273.5	Nitrospira-sp.GGF-bin22	396	297	100.0
ASV_855	Nitrospira-sp.LPPL-bin249	95.5	132	6	0	1	396	58	189	6.4e-77	273.9	Nitrospira-sp.LPPL-bin249	396	298	100.0
ASV_857	Nitrospira-sp.LPPL-bin249	97.7	132	3	0	1	396	58	189	9.9e-78	276.6	Nitrospira-sp.LPPL-bin249	396	298	100.0
ASV_864	Nitrospira-sp.LPPL-bin249	96.2	132	5	0	1	396	58	189	3.8e-77	274.6	Nitrospira-sp.LPPL-bin249	396	298	100.0
ASV_865	Nitrospira-sp.LPPL-bin249	95.5	132	6	0	1	396	58	189	1.1e-76	273.1	Nitrospira-sp.LPPL-bin249	396	298	100.0
ASV_868	Nitrospira-sp.CTRL-LIN-TMP1	97.0	132	4	0	1	396	56	187	2.8e-72	258.5	Nitrospira-sp.CTRL-LIN-TMP1	396	280	100.0
ASV_881	Nitrospira-sp.CTRL-LIN-TMP1	99.2	132	1	0	1	396	56	187	3.3e-73	261.5	Nitrospira-sp.CTRL-LIN-TMP1	396	280	100.0
ASV_888	Nitrospira-sp.LPPL-bin249	96.2	132	5	0	1	396	58	189	4.9e-77	274.2	Nitrospira-sp.LPPL-bin249	396	298	100.0
ASV_889	Nitrospira-sp.Smid-bin44	100.0	132	0	0	1	396	58	189	1.2e-78	279.6	Nitrospira-sp.Smid-bin44	396	294	100.0
ASV_896	Nitrospira-sp.GGF-bin22	86.4	132	18	0	1	396	58	189	2.0e-70	252.3	Nitrospira-sp.GGF-bin22	396	297	100.0
ASV_900	Nitrospira-sp.RSF3	97.7	132	3	0	1	396	58	189	1.7e-77	275.8	Nitrospira-sp.RSF3	396	297	100.0
ASV_904	Nitrospira-sp.GGF-bin22	87.9	132	16	0	1	396	58	189	2.1e-72	258.8	Nitrospira-sp.GGF-bin22	396	297	100.0
ASV_912	Nitrospira-sp.RCB	86.4	132	18	0	1	396	58	189	3.1e-71	255.0	Nitrospira-sp.RCB	396	298	100.0
ASV_918	Nitrospira-sp.Smid-bin44	88.6	132	15	0	1	396	58	189	1.5e-70	252.7	Nitrospira-sp.Smid-bin44	396	294	100.0
ASV_925	Nitrospira-sp.GGF-bin22	96.2	132	5	0	1	396	58	189	1.1e-76	273.1	Nitrospira-sp.GGF-bin22	396	297	100.0
ASV_933	Nitrospira-sp.LPPL-bin249	94.7	132	7	0	1	396	58	189	1.6e-75	269.2	Nitrospira-sp.LPPL-bin249	396	298	100.0
ASV_936	Nitrospira-sp.RSF48	97.7	132	3	0	1	396	58	189	2.0e-62	225.7	Nitrospira-sp.RSF48	396	298	100.0
ASV_938	Nitrospira-sp.Smid-bin44	99.2	132	1	0	1	396	58	189	4.4e-78	277.7	Nitrospira-sp.Smid-bin44	396	294	100.0
ASV_943	Nitrospira-sp.GGF-bin22	90.2	132	13	0	1	396	58	189	1.0e-74	266.5	Nitrospira-sp.GGF-bin22	396	297	100.0
ASV_945	Nitrospira-sp.GGF-bin22	87.1	132	17	0	1	396	58	189	1.4e-71	256.1	Nitrospira-sp.GGF-bin22	396	297	100.0
ASV_951	Nitrospira-sp.LPPL-bin249	95.5	132	6	0	1	396	58	189	2.9e-77	275.0	Nitrospira-sp.LPPL-bin249	396	298	100.0
ASV_956	Nitrospira-sp.LPPL-bin249	94.7	132	7	0	1	396	58	189	3.2e-76	271.6	Nitrospira-sp.LPPL-bin249	396	298	100.0
ASV_970	Nitrospira-sp.LPPL-bin249	94.7	132	7	0	1	396	58	189	1.1e-76	273.1	Nitrospira-sp.LPPL-bin249	396	298	100.0
ASV_972	Nitrospira-sp.RSF48	98.5	132	2	0	1	396	58	189	1.5e-62	226.1	Nitrospira-sp.RSF48	396	298	100.0
ASV_973	Nitrospira-sp.Smid-bin44	98.5	132	2	0	1	396	58	189	5.8e-78	277.3	Nitrospira-sp.Smid-bin44	396	294	100.0
ASV_975	Nitrospira-sp.Smid-bin44	87.9	132	16	0	1	396	58	189	1.2e-70	253.1	Nitrospira-sp.Smid-bin44	396	294	100.0
ASV_986	Nitrospira-sp.LM-bin98	87.9	132	16	0	1	396	58	189	9.0e-71	253.4	Nitrospira-sp.LM-bin98	396	303	100.0
ASV_988	Nitrospira-sp.GGF-bin22	78.0	132	29	0	1	396	58	189	2.2e-61	222.2	Nitrospira-sp.GGF-bin22	396	297	100.0
ASV_995	Nitrospira-sp.Smid-bin44	99.2	132	1	0	1	396	58	189	2.0e-78	278.9	Nitrospira-sp.Smid-bin44	396	294	100.0
ASV_1004	Nitrospira-sp.GGF-bin22	96.2	132	5	0	1	396	58	189	6.4e-77	273.9	Nitrospira-sp.GGF-bin22	396	297	100.0
ASV_1009	Nitrospira-sp.Smid-bin44	100.0	132	0	0	1	396	58	189	1.2e-78	279.6	Nitrospira-sp.Smid-bin44	396	294	100.0
ASV_1013	Nitrospira-sp.Smid-bin44	100.0	132	0	0	1	396	58	189	1.2e-78	279.6	Nitrospira-sp.Smid-bin44	396	294	100.0
ASV_1016	Nitrospira-sp.Smid-bin44	100.0	132	0	0	1	396	58	189	1.2e-78	279.6	Nitrospira-sp.Smid-bin44	396	294	100.0
ASV_1023	Nitrospira-sp.LPPL-bin249	96.2	132	5	0	1	396	58	189	4.9e-77	274.2	Nitrospira-sp.LPPL-bin249	396	298	100.0
ASV_1030	Nitrospira-sp.LM-bin98	95.5	132	6	0	1	396	58	189	1.2e-75	269.6	Nitrospira-sp.LM-bin98	396	303	100.0
ASV_1034	Nitrospira-sp.LPPL-bin249	95.5	132	6	0	1	396	58	189	1.1e-76	273.1	Nitrospira-sp.LPPL-bin249	396	298	100.0
ASV_1038	Nitrospira-sp.GGF-bin22	87.9	132	16	0	1	396	58	189	8.1e-72	256.9	Nitrospira-sp.GGF-bin22	396	297	100.0
ASV_1051	Nitrospira-sp.CTRL-LIN-TMP1	98.5	132	2	0	1	396	56	187	5.6e-73	260.8	Nitrospira-sp.CTRL-LIN-TMP1	396	280	100.0
ASV_1055	Nitrospira-sp.LPPL-bin249	93.2	132	9	0	1	396	58	189	2.1e-75	268.9	Nitrospira-sp.LPPL-bin249	396	298	100.0
ASV_1063	Nitrospira-sp.LM-bin98	87.9	132	16	0	1	396	58	189	9.0e-71	253.4	Nitrospira-sp.LM-bin98	396	303	100.0
ASV_1067	Nitrospira-sp.LPPL-bin249	96.2	132	5	0	1	396	58	189	6.4e-77	273.9	Nitrospira-sp.LPPL-bin249	396	298	100.0
ASV_1069	Nitrospira-sp.Smid-bin44	99.2	132	1	0	1	396	58	189	3.4e-78	278.1	Nitrospira-sp.Smid-bin44	396	294	100.0
ASV_1070	Nitrospira-sp.GGF-bin22	87.9	132	16	0	1	396	58	189	2.1e-72	258.8	Nitrospira-sp.GGF-bin22	396	297	100.0
ASV_1097	Nitrospira-sp.LPPL-bin249	97.0	132	4	0	1	396	58	189	2.9e-77	275.0	Nitrospira-sp.LPPL-bin249	396	298	100.0
ASV_1098	Nitrospira-sp.LPPL-bin249	96.2	132	5	0	1	396	58	189	6.4e-77	273.9	Nitrospira-sp.LPPL-bin249	396	298	100.0
ASV_1104	Nitrospira-sp.LPPL-bin249	89.4	132	14	0	1	396	58	189	1.6e-72	259.2	Nitrospira-sp.LPPL-bin249	396	298	100.0
ASV_1107	Nitrospira-sp.CTRL-LIN-TMP1	99.2	132	1	0	1	396	56	187	4.3e-73	261.2	Nitrospira-sp.CTRL-LIN-TMP1	396	280	100.0
ASV_1132	Nitrospira-sp.RSF3	95.5	132	6	0	1	396	58	189	1.9e-76	272.3	Nitrospira-sp.RSF3	396	297	100.0
ASV_1133	Nitrospira-sp.RSF48	97.7	132	3	0	1	396	58	189	2.0e-62	225.7	Nitrospira-sp.RSF48	396	298	100.0
ASV_1135	Nitrospira-sp.Smid-bin44	100.0	132	0	0	1	396	58	189	1.2e-78	279.6	Nitrospira-sp.Smid-bin44	396	294	100.0
ASV_1143	Nitrospira-sp.LPPL-bin249	97.0	132	4	0	1	396	58	189	9.9e-78	276.6	Nitrospira-sp.LPPL-bin249	396	298	100.0
ASV_1168	Nitrospira-sp.LPPL-bin249	96.2	132	5	0	1	396	58	189	6.4e-77	273.9	Nitrospira-sp.LPPL-bin249	396	298	100.0
ASV_1169	Nitrospira-sp.Smid-bin44	87.9	132	16	0	1	396	58	189	1.2e-70	253.1	Nitrospira-sp.Smid-bin44	396	294	100.0
ASV_1170	Nitrospira-sp.LPPL-bin249	96.2	132	5	0	1	396	58	189	1.1e-76	273.1	Nitrospira-sp.LPPL-bin249	396	298	100.0
ASV_1175	Nitrospira-sp.GGF-bin22	97.0	132	4	0	1	396	58	189	8.4e-77	273.5	Nitrospira-sp.GGF-bin22	396	297	100.0
ASV_1183	Nitrospira-sp.LPPL-bin249	94.7	132	7	0	1	396	58	189	1.4e-76	272.7	Nitrospira-sp.LPPL-bin249	396	298	100.0
ASV_1191	Nitrospira-sp.LPPL-bin249	90.9	132	12	0	1	396	58	189	1.1e-73	263.1	Nitrospira-sp.LPPL-bin249	396	298	100.0
ASV_1193	Nitrospira-sp.UBA2082	44.3	97	54	0	4	294	57	153	1.8e-23	95.9	Nitrospira-sp.UBA2082	294	279	99.0
ASV_1202	Nitrospira-sp.RSF48	97.7	132	3	0	1	396	58	189	2.0e-62	225.7	Nitrospira-sp.RSF48	396	298	100.0
ASV_1203	Nitrospira-sp.RSF3	97.7	132	3	0	1	396	58	189	1.7e-77	275.8	Nitrospira-sp.RSF3	396	297	100.0
ASV_1224	Nitrospira-sp.LPPL-bin249	96.2	132	5	0	1	396	58	189	6.4e-77	273.9	Nitrospira-sp.LPPL-bin249	396	298	100.0
ASV_1225	Nitrospira-sp.GGF-bin22	84.1	132	21	0	1	396	58	189	8.4e-69	246.9	Nitrospira-sp.GGF-bin22	396	297	100.0
ASV_1229	Nitrospira-sp.LPPL-bin249	94.7	132	7	0	1	396	58	189	4.1e-76	271.2	Nitrospira-sp.LPPL-bin249	396	298	100.0
ASV_1232	Nitrospira-sp.LM-bin98	89.4	132	14	0	1	396	58	189	1.1e-71	256.5	Nitrospira-sp.LM-bin98	396	303	100.0
ASV_1241	Nitrospira-sp.LPPL-bin249	94.7	132	7	0	1	396	58	189	2.4e-76	271.9	Nitrospira-sp.LPPL-bin249	396	298	100.0
ASV_1273	Nitrospira-sp.Smid-bin44	99.2	132	1	0	1	396	58	189	3.4e-78	278.1	Nitrospira-sp.Smid-bin44	396	294	100.0
ASV_1283	Nitrospira-sp.GGF-bin22	87.9	132	16	0	1	396	58	189	2.1e-72	258.8	Nitrospira-sp.GGF-bin22	396	297	100.0
ASV_1286	Nitrospira-sp.GGF-bin22	87.1	132	17	0	1	396	58	189	2.4e-71	255.4	Nitrospira-sp.GGF-bin22	396	297	100.0
ASV_1302	Nitrospira-sp.LPPL-bin249	95.5	132	6	0	1	396	58	189	6.4e-77	273.9	Nitrospira-sp.LPPL-bin249	396	298	100.0
ASV_1303	Nitrospira-sp.LPPL-bin249	94.7	132	7	0	1	396	58	189	1.6e-75	269.2	Nitrospira-sp.LPPL-bin249	396	298	100.0
ASV_1309	Nitrospira-sp.GGF-bin22	87.1	132	17	0	1	396	58	189	2.4e-71	255.4	Nitrospira-sp.GGF-bin22	396	297	100.0
ASV_1310	Nitrospira-sp.GGF-bin22	86.4	132	18	0	1	396	58	189	2.0e-70	252.3	Nitrospira-sp.GGF-bin22	396	297	100.0
ASV_1319	Nitrospira-sp.Smid-bin44	100.0	132	0	0	1	396	58	189	1.2e-78	279.6	Nitrospira-sp.Smid-bin44	396	294	100.0
ASV_1322	Nitrospira-sp.Smid-bin44	87.9	132	16	0	1	396	58	189	1.2e-70	253.1	Nitrospira-sp.Smid-bin44	396	294	100.0
ASV_1325	Nitrospira-sp.Smid-bin44	100.0	132	0	0	1	396	58	189	1.2e-78	279.6	Nitrospira-sp.Smid-bin44	396	294	100.0
ASV_1329	Nitrospira-sp.GGF-bin22	87.9	132	16	0	1	396	58	189	8.1e-72	256.9	Nitrospira-sp.GGF-bin22	396	297	100.0
ASV_1336	Nitrospira-sp.YR-XLJ2	48.0	98	51	0	1	294	56	153	1.2e-27	109.8	Nitrospira-sp.YR-XLJ2	294	279	100.0
ASV_1343	Nitrospira-sp.LPPL-bin249	96.2	132	5	0	1	396	58	189	6.4e-77	273.9	Nitrospira-sp.LPPL-bin249	396	298	100.0
ASV_1350	Nitrospira-sp.GGF-bin22	86.4	132	18	0	1	396	58	189	3.4e-70	251.5	Nitrospira-sp.GGF-bin22	396	297	100.0
ASV_1364	Nitrospira-sp.LM-bin98	88.6	132	15	0	1	396	58	189	3.1e-71	255.0	Nitrospira-sp.LM-bin98	396	303	100.0
ASV_1367	Nitrospira-sp.A2	43.8	96	54	0	4	291	57	152	8.2e-21	87.0	Nitrospira-sp.A2	294	282	98.0
ASV_1368	Nitrospira-sp.GGF-bin22	86.4	132	18	0	1	396	58	189	2.0e-70	252.3	Nitrospira-sp.GGF-bin22	396	297	100.0
ASV_1393	Nitrospira-sp.LM-bin98	87.9	132	16	0	1	396	58	189	1.2e-70	253.1	Nitrospira-sp.LM-bin98	396	303	100.0
ASV_1411	Nitrospira-sp.CTRL-LIN-TMP1	98.5	132	2	0	1	396	56	187	2.4e-71	255.4	Nitrospira-sp.CTRL-LIN-TMP1	396	280	100.0
ASV_1413	Nitrospira-sp.Smid-bin44	100.0	132	0	0	1	396	58	189	1.2e-78	279.6	Nitrospira-sp.Smid-bin44	396	294	100.0
ASV_1431	Nitrospira-sp.GGF-bin22	87.1	132	17	0	1	396	58	189	2.4e-71	255.4	Nitrospira-sp.GGF-bin22	396	297	100.0
ASV_1432	Nitrospira-sp.GGF-bin22	86.4	132	18	0	1	396	58	189	2.0e-70	252.3	Nitrospira-sp.GGF-bin22	396	297	100.0
ASV_1463	Nitrospira-sp.CTRL-LIN-TMP1	99.2	132	1	0	1	396	56	187	4.3e-73	261.2	Nitrospira-sp.CTRL-LIN-TMP1	396	280	100.0
ASV_1472	Nitrospira-sp.LPPL-bin249	96.2	132	5	0	1	396	58	189	3.8e-77	274.6	Nitrospira-sp.LPPL-bin249	396	298	100.0
ASV_1498	Nitrospira-sp.Smid-bin44	100.0	132	0	0	1	396	58	189	1.2e-78	279.6	Nitrospira-sp.Smid-bin44	396	294	100.0
ASV_1504	Nitrospira-sp.GGF-bin22	96.2	132	5	0	1	396	58	189	5.8e-78	277.3	Nitrospira-sp.GGF-bin22	396	297	100.0
ASV_1517	Nitrospira-sp.GGF-bin22	89.4	132	14	0	1	396	58	189	5.6e-73	260.8	Nitrospira-sp.GGF-bin22	396	297	100.0
ASV_1522	Nitrospira-sp.GGF-bin22	87.1	132	17	0	1	396	58	189	1.4e-71	256.1	Nitrospira-sp.GGF-bin22	396	297	100.0
ASV_1524	Nitrospira-sp.LM-bin98	88.6	132	15	0	1	396	58	189	3.1e-71	255.0	Nitrospira-sp.LM-bin98	396	303	100.0
ASV_1526	Nitrospira-sp.LPPL-bin249	95.5	132	6	0	1	396	58	189	6.4e-77	273.9	Nitrospira-sp.LPPL-bin249	396	298	100.0
ASV_1531	Nitrospira-sp.LPPL-bin249	94.7	132	7	0	1	396	58	189	1.4e-76	272.7	Nitrospira-sp.LPPL-bin249	396	298	100.0
ASV_1536	Nitrospira-sp.Smid-bin44	100.0	132	0	0	1	396	58	189	1.2e-78	279.6	Nitrospira-sp.Smid-bin44	396	294	100.0
ASV_1555	Nitrospira-sp.LM-bin98	88.6	132	15	0	1	396	58	189	5.2e-71	254.2	Nitrospira-sp.LM-bin98	396	303	100.0
ASV_1575	Nitrospira-sp.Smid-bin44	87.9	132	16	0	1	396	58	189	1.2e-70	253.1	Nitrospira-sp.Smid-bin44	396	294	100.0
ASV_1579	Nitrospira-sp.LPPL-bin249	96.2	131	5	0	1	393	58	188	1.9e-76	272.3	Nitrospira-sp.LPPL-bin249	396	298	99.2
ASV_1591	Nitrospira-sp.LPPL-bin249	95.5	132	6	0	1	396	58	189	6.4e-77	273.9	Nitrospira-sp.LPPL-bin249	396	298	100.0
ASV_1629	Nitrospira-sp.Smid-bin44	87.9	132	16	0	1	396	58	189	1.2e-70	253.1	Nitrospira-sp.Smid-bin44	396	294	100.0
ASV_1670	Nitrospira-sp.LM-bin98	88.6	132	15	0	1	396	58	189	3.1e-71	255.0	Nitrospira-sp.LM-bin98	396	303	100.0
ASV_1681	Nitrospira-sp.GGF-bin22	86.4	132	18	0	1	396	58	189	2.0e-70	252.3	Nitrospira-sp.GGF-bin22	396	297	100.0
ASV_1683	Nitrospira-sp.LM-bin98	97.7	132	3	0	1	396	58	189	9.9e-78	276.6	Nitrospira-sp.LM-bin98	396	303	100.0
ASV_1685	Nitrospira-sp.Smid-bin44	100.0	132	0	0	1	396	58	189	1.2e-78	279.6	Nitrospira-sp.Smid-bin44	396	294	100.0
ASV_1691	Nitrospira-sp.LPPL-bin249	96.2	132	5	0	1	396	58	189	3.8e-77	274.6	Nitrospira-sp.LPPL-bin249	396	298	100.0
ASV_1699	Nitrospira-sp.LM-bin98	90.2	132	13	0	1	396	58	189	7.3e-73	260.4	Nitrospira-sp.LM-bin98	396	303	100.0
ASV_1724	Nitrospira-sp.Smid-bin44	87.1	132	17	0	1	396	58	189	1.5e-70	252.7	Nitrospira-sp.Smid-bin44	396	294	100.0
ASV_1733	Nitrospira-sp.LPPL-bin249	95.5	132	6	0	1	396	58	189	1.1e-76	273.1	Nitrospira-sp.LPPL-bin249	396	298	100.0
ASV_1736	Nitrospira-sp.Smid-bin44	87.1	132	17	0	1	396	58	189	1.5e-70	252.7	Nitrospira-sp.Smid-bin44	396	294	100.0
ASV_1739	Nitrospira-sp.Smid-bin44	99.2	132	1	0	1	396	58	189	2.0e-78	278.9	Nitrospira-sp.Smid-bin44	396	294	100.0
ASV_1755	Nitrospira-sp.GGF-bin22	86.4	132	18	0	1	396	58	189	2.0e-70	252.3	Nitrospira-sp.GGF-bin22	396	297	100.0
ASV_1790	Nitrospira-sp.LPPL-bin249	90.9	132	12	0	1	396	58	189	8.7e-74	263.5	Nitrospira-sp.LPPL-bin249	396	298	100.0
ASV_1797	Nitrospira-sp.LM-bin98	88.6	132	15	0	1	396	58	189	3.1e-71	255.0	Nitrospira-sp.LM-bin98	396	303	100.0
ASV_1805	Nitrospira-sp.Smid-bin44	87.9	132	16	0	1	396	58	189	6.9e-71	253.8	Nitrospira-sp.Smid-bin44	396	294	100.0
ASV_1812	Nitrospira-sp.LPPL-bin249	93.9	131	8	0	1	393	58	188	2.1e-75	268.9	Nitrospira-sp.LPPL-bin249	396	298	99.2
ASV_1825	Nitrospira-sp.LM-bin98	87.9	132	16	0	1	396	58	189	1.2e-70	253.1	Nitrospira-sp.LM-bin98	396	303	100.0
ASV_1831	Nitrospira-sp.LM-bin98	90.2	132	13	0	1	396	58	189	1.4e-71	256.1	Nitrospira-sp.LM-bin98	396	303	100.0
ASV_1872	Nitrospira-sp.LM-bin98	89.4	132	14	0	1	396	58	189	1.8e-71	255.8	Nitrospira-sp.LM-bin98	396	303	100.0
ASV_1873	Nitrospira-sp.LM-bin98	89.4	132	14	0	1	396	58	189	1.8e-71	255.8	Nitrospira-sp.LM-bin98	396	303	100.0
ASV_1886	Nitrospira-sp.LM-bin98	90.2	132	13	0	1	396	58	189	1.1e-71	256.5	Nitrospira-sp.LM-bin98	396	303	100.0
ASV_1894	Nitrospira-sp.LPPL-bin249	95.5	132	6	0	1	396	58	189	1.1e-76	273.1	Nitrospira-sp.LPPL-bin249	396	298	100.0
ASV_1900	Nitrospira-sp.LPPL-bin249	90.2	132	13	0	1	396	58	189	9.6e-73	260.0	Nitrospira-sp.LPPL-bin249	396	298	100.0
ASV_1903	Nitrospira-sp.Smid-bin44	89.4	132	14	0	1	396	58	189	1.4e-71	256.1	Nitrospira-sp.Smid-bin44	396	294	100.0
ASV_1926	Nitrospira-sp.LPPL-bin249	97.0	132	4	0	1	396	58	189	8.4e-77	273.5	Nitrospira-sp.LPPL-bin249	396	298	100.0
ASV_1950	Nitrospira-sp.LPPL-bin249	93.2	132	9	0	1	396	58	189	1.3e-74	266.2	Nitrospira-sp.LPPL-bin249	396	298	100.0
ASV_1954	Nitrospira-sp.LPPL-bin249	96.2	132	5	0	1	396	58	189	1.1e-76	273.1	Nitrospira-sp.LPPL-bin249	396	298	100.0
ASV_2014	Nitrospira-sp.LM-bin98	87.9	132	16	0	1	396	58	189	1.2e-70	253.1	Nitrospira-sp.LM-bin98	396	303	100.0
ASV_2032	Nitrospira-sp.GGF-bin22	86.4	132	18	0	1	396	58	189	2.0e-70	252.3	Nitrospira-sp.GGF-bin22	396	297	100.0
ASV_2040	Nitrospira-sp.Smid-bin44	88.6	132	15	0	1	396	58	189	4.0e-71	254.6	Nitrospira-sp.Smid-bin44	396	294	100.0
ASV_2041	Nitrospira-sp.Smid-bin44	89.4	132	14	0	1	396	58	189	5.2e-71	254.2	Nitrospira-sp.Smid-bin44	396	294	100.0
ASV_2049	Nitrospira-sp.GGF-bin22	87.9	132	16	0	1	396	58	189	8.1e-72	256.9	Nitrospira-sp.GGF-bin22	396	297	100.0
ASV_2058	Nitrospira-sp.LPPL-bin249	95.5	132	6	0	1	396	58	189	6.4e-77	273.9	Nitrospira-sp.LPPL-bin249	396	298	100.0
ASV_2064	Nitrospira-sp.RSF48	97.0	132	4	0	1	396	58	189	4.5e-62	224.6	Nitrospira-sp.RSF48	396	298	100.0
ASV_2076	Nitrospira-sp.YR-XLJ2	48.0	98	51	0	1	294	56	153	1.2e-27	109.8	Nitrospira-sp.YR-XLJ2	294	279	100.0
ASV_2105	Nitrospira-sp.Smid-bin44	87.9	132	16	0	1	396	58	189	1.2e-70	253.1	Nitrospira-sp.Smid-bin44	396	294	100.0
ASV_2106	Nitrospira-sp.LPPL-bin249	94.7	132	7	0	1	396	58	189	1.4e-76	272.7	Nitrospira-sp.LPPL-bin249	396	298	100.0
ASV_2129	Nitrospira-sp.RCB	87.1	132	17	0	1	396	58	189	4.7e-72	257.7	Nitrospira-sp.RCB	396	298	100.0
ASV_2156	Nitrospira-sp.LM-bin98	90.9	132	12	0	1	396	58	189	2.5e-73	261.9	Nitrospira-sp.LM-bin98	396	303	100.0
ASV_2175	Nitrospira-sp.LPPL-bin249	88.6	132	15	0	1	396	58	189	1.1e-71	256.5	Nitrospira-sp.LPPL-bin249	396	298	100.0
ASV_2216	Nitrospira-sp.LPPL-bin249	96.2	131	5	0	1	393	58	188	1.9e-76	272.3	Nitrospira-sp.LPPL-bin249	396	298	99.2
ASV_2217	Nitrospira-sp.GGF-bin22	86.4	132	18	0	1	396	58	189	2.0e-70	252.3	Nitrospira-sp.GGF-bin22	396	297	100.0
ASV_2218	Nitrospira-sp.GGF-bin22	86.4	132	18	0	1	396	58	189	2.0e-70	252.3	Nitrospira-sp.GGF-bin22	396	297	100.0
ASV_2219	Nitrospira-sp.GGF-bin22	86.4	132	18	0	1	396	58	189	2.0e-70	252.3	Nitrospira-sp.GGF-bin22	396	297	100.0
ASV_2227	Nitrospira-sp.LPPL-bin249	94.7	132	7	0	1	396	58	189	4.1e-76	271.2	Nitrospira-sp.LPPL-bin249	396	298	100.0
ASV_2235	Nitrospira-sp.Smid-bin44	99.2	132	1	0	1	396	58	189	2.0e-78	278.9	Nitrospira-sp.Smid-bin44	396	294	100.0
ASV_2238	Nitrospira-sp.LM-bin98	90.2	132	13	0	1	396	58	189	2.1e-72	258.8	Nitrospira-sp.LM-bin98	396	303	100.0
ASV_2285	Nitrospira-sp.LPPL-bin249	90.2	132	13	0	1	396	58	189	1.6e-72	259.2	Nitrospira-sp.LPPL-bin249	396	298	100.0
ASV_2287	Nitrospira-sp.RCB	86.4	103	14	0	1	309	87	189	6.6e-53	193.7	Nitrospira-sp.RCB	309	298	100.0
ASV_2291	Nitrospira-sp.Smid-bin44	100.0	132	0	0	1	396	58	189	1.2e-78	279.6	Nitrospira-sp.Smid-bin44	396	294	100.0
ASV_2318	Nitrospira-sp.RCB	94.7	132	7	0	1	396	58	189	1.1e-76	273.1	Nitrospira-sp.RCB	396	298	100.0
ASV_2335	Nitrospira-sp.YR-XLJ2	48.0	98	51	0	1	294	56	153	1.2e-27	109.8	Nitrospira-sp.YR-XLJ2	294	279	100.0
ASV_2340	Nitrospira-sp.Smid-bin44	99.2	132	1	0	1	396	58	189	5.8e-78	277.3	Nitrospira-sp.Smid-bin44	396	294	100.0
ASV_2368	Nitrospira-sp.Smid-bin44	100.0	132	0	0	1	396	58	189	1.2e-78	279.6	Nitrospira-sp.Smid-bin44	396	294	100.0
ASV_2369	Nitrospira-sp.LM-bin98	90.2	132	13	0	1	396	58	189	2.1e-72	258.8	Nitrospira-sp.LM-bin98	396	303	100.0
ASV_2400	Nitrospira-sp.LPPL-bin249	88.6	132	15	0	1	396	58	189	1.1e-71	256.5	Nitrospira-sp.LPPL-bin249	396	298	100.0
ASV_2405	Nitrospira-sp.Smid-bin44	87.9	132	16	0	1	396	58	189	4.0e-71	254.6	Nitrospira-sp.Smid-bin44	396	294	100.0
ASV_2430	Nitrospira-sp.GGF-bin22	86.4	132	18	0	1	396	58	189	2.0e-70	252.3	Nitrospira-sp.GGF-bin22	396	297	100.0
ASV_2431	Nitrospira-sp.Smid-bin44	90.2	132	13	0	1	396	58	189	1.1e-71	256.5	Nitrospira-sp.Smid-bin44	396	294	100.0
ASV_2459	Nitrospira-sp.GGF-bin22	87.9	132	16	0	1	396	58	189	8.1e-72	256.9	Nitrospira-sp.GGF-bin22	396	297	100.0
ASV_2522	Nitrospira-sp.RSF10-CG24-C	98.5	132	2	0	1	396	58	189	1.7e-77	275.8	Nitrospira-sp.RSF10-CG24-C	396	297	100.0
ASV_2549	Nitrospira-sp.Smid-bin44	87.9	132	16	0	1	396	58	189	1.2e-70	253.1	Nitrospira-sp.Smid-bin44	396	294	100.0
ASV_2553	Nitrospira-sp.LM-bin98	95.5	132	6	0	1	396	58	189	9.2e-76	270.0	Nitrospira-sp.LM-bin98	396	303	100.0
ASV_2562	Nitrospira-sp.LM-bin98	98.5	132	2	0	1	396	58	189	3.4e-78	278.1	Nitrospira-sp.LM-bin98	396	303	100.0
ASV_2575	Nitrospira-sp.LM-bin98	88.6	132	15	0	1	396	58	189	3.1e-71	255.0	Nitrospira-sp.LM-bin98	396	303	100.0
ASV_2577	Nitrospira-sp.LM-bin98	89.4	132	14	0	1	396	58	189	1.4e-71	256.1	Nitrospira-sp.LM-bin98	396	303	100.0
ASV_2597	Nitrospira-sp.GGF-bin22	86.4	132	18	0	1	396	58	189	2.0e-70	252.3	Nitrospira-sp.GGF-bin22	396	297	100.0
ASV_2598	Nitrospira-sp.Smid-bin44	87.9	132	16	0	1	396	58	189	1.2e-70	253.1	Nitrospira-sp.Smid-bin44	396	294	100.0
ASV_2609	Nitrospira-sp.GGF-bin22	96.2	132	5	0	1	396	58	189	2.1e-75	268.9	Nitrospira-sp.GGF-bin22	396	297	100.0
ASV_2631	Nitrospira-sp.Smid-bin44	99.2	132	1	0	1	396	58	189	2.0e-78	278.9	Nitrospira-sp.Smid-bin44	396	294	100.0
ASV_2682	Nitrospira-sp.GGF-bin22	86.4	132	18	0	1	396	58	189	2.0e-70	252.3	Nitrospira-sp.GGF-bin22	396	297	100.0
ASV_2686	Nitrospira-sp.LM-bin98	90.2	132	13	0	1	396	58	189	1.1e-71	256.5	Nitrospira-sp.LM-bin98	396	303	100.0
ASV_2736	Nitrospira-sp.LM-bin98	89.4	132	14	0	1	396	58	189	2.8e-72	258.5	Nitrospira-sp.LM-bin98	396	303	100.0
ASV_2771	Nitrospira-sp.YR-XLJ2	49.0	98	50	0	1	294	56	153	5.9e-27	107.5	Nitrospira-sp.YR-XLJ2	294	279	100.0
ASV_2775	Nitrospira-sp.LM-bin98	89.4	132	14	0	1	396	58	189	1.8e-71	255.8	Nitrospira-sp.LM-bin98	396	303	100.0
ASV_2795	Nitrospira-sp.LPPL-bin249	89.4	132	14	0	1	396	58	189	8.1e-72	256.9	Nitrospira-sp.LPPL-bin249	396	298	100.0
ASV_2830	Nitrospira-sp.LM-bin98	90.2	132	13	0	1	396	58	189	3.6e-72	258.1	Nitrospira-sp.LM-bin98	396	303	100.0
ASV_2834	Nitrospira-sp.GGF-bin22	86.4	132	18	0	1	396	58	189	2.0e-70	252.3	Nitrospira-sp.GGF-bin22	396	297	100.0
ASV_2845	Nitrospira-sp.LPPL-bin249	96.2	132	5	0	1	396	58	189	3.8e-77	274.6	Nitrospira-sp.LPPL-bin249	396	298	100.0
ASV_2861	Nitrospira-sp.LPPL-bin249	90.2	132	13	0	1	396	58	189	1.6e-72	259.2	Nitrospira-sp.LPPL-bin249	396	298	100.0
ASV_2863	Nitrospira-sp.GGF-bin22	90.2	132	13	0	1	396	58	189	1.1e-73	263.1	Nitrospira-sp.GGF-bin22	396	297	100.0
ASV_2864	Nitrospira-sp.LM-bin98	90.9	132	12	0	1	396	58	189	7.3e-73	260.4	Nitrospira-sp.LM-bin98	396	303	100.0
ASV_2870	Nitrospira-sp.kreftii	39.8	103	62	0	4	312	57	159	9.4e-23	93.6	Nitrospira-sp.kreftii	315	281	98.1
ASV_2877	Nitrospira-sp.Smid-bin44	100.0	132	0	0	1	396	58	189	1.2e-78	279.6	Nitrospira-sp.Smid-bin44	396	294	100.0
ASV_2894	Nitrospira-sp.GGF-bin22	87.1	132	17	0	1	396	58	189	1.4e-71	256.1	Nitrospira-sp.GGF-bin22	396	297	100.0
ASV_2929	Nitrospira-sp.RBC044	99.2	132	1	0	1	396	56	187	1.5e-73	262.7	Nitrospira-sp.RBC044	396	280	100.0
ASV_2954	Nitrospira-sp.LM-bin98	88.6	132	15	0	1	396	58	189	5.2e-71	254.2	Nitrospira-sp.LM-bin98	396	303	100.0
ASV_2974	Nitrospira-sp.UBA2082	44.3	97	54	0	4	294	57	153	1.8e-23	95.9	Nitrospira-sp.UBA2082	294	279	99.0
ASV_3058	Nitrospira-sp.GGF-bin22	89.4	132	14	0	1	396	58	189	5.1e-74	264.2	Nitrospira-sp.GGF-bin22	396	297	100.0
ASV_3101	Nitrospira-sp.LM-bin98	89.4	132	14	0	1	396	58	189	1.8e-71	255.8	Nitrospira-sp.LM-bin98	396	303	100.0
ASV_3102	Nitrospira-sp.LM-bin98	89.4	132	14	0	1	396	58	189	1.8e-71	255.8	Nitrospira-sp.LM-bin98	396	303	100.0
ASV_3166	Nitrospira-sp.LM-bin98	95.5	132	6	0	1	396	58	189	9.2e-76	270.0	Nitrospira-sp.LM-bin98	396	303	100.0
ASV_3187	Nitrospira-sp.CTRL-LIN-TMP1	99.2	132	1	0	1	396	56	187	6.2e-72	257.3	Nitrospira-sp.CTRL-LIN-TMP1	396	280	100.0
ASV_3254	Nitrospira-sp.LPPL-bin249	93.9	132	8	0	1	396	58	189	3.2e-76	271.6	Nitrospira-sp.LPPL-bin249	396	298	100.0
ASV_3255	Nitrospira-sp.LPPL-bin249	94.7	132	7	0	1	396	58	189	2.4e-76	271.9	Nitrospira-sp.LPPL-bin249	396	298	100.0
ASV_3257	Nitrospira-sp.LPPL-bin249	96.2	132	5	0	1	396	58	189	1.1e-76	273.1	Nitrospira-sp.LPPL-bin249	396	298	100.0
ASV_3289	Nitrospira-sp.RSF10-CG24-C	98.5	132	2	0	1	396	58	189	1.7e-77	275.8	Nitrospira-sp.RSF10-CG24-C	396	297	100.0
ASV_3293	Nitrospira-sp.GGF-bin22	87.1	132	17	0	1	396	58	189	3.1e-71	255.0	Nitrospira-sp.GGF-bin22	396	297	100.0
ASV_3304	Nitrospira-sp.Smid-bin44	87.1	132	17	0	1	396	58	189	5.8e-70	250.8	Nitrospira-sp.Smid-bin44	396	294	100.0
ASV_3322	Nitrospira-sp.LPPL-bin249	96.1	103	4	0	1	309	87	189	6.8e-58	210.3	Nitrospira-sp.LPPL-bin249	309	298	100.0
ASV_3336	Nitrospira-sp.CTRL-LIN-TMP1	98.5	132	2	0	1	396	56	187	1.4e-71	256.1	Nitrospira-sp.CTRL-LIN-TMP1	396	280	100.0
ASV_3344	Nitrospira-sp.LM-bin98	90.2	132	13	0	1	396	58	189	1.1e-71	256.5	Nitrospira-sp.LM-bin98	396	303	100.0
ASV_3366	Nitrospira-sp.GGF-bin22	92.4	132	10	0	1	396	58	189	1.6e-75	269.2	Nitrospira-sp.GGF-bin22	396	297	100.0
ASV_3370	Nitrospira-sp.LPPL-bin249	95.5	132	6	0	1	396	58	189	6.4e-77	273.9	Nitrospira-sp.LPPL-bin249	396	298	100.0
ASV_3390	Nitrospira-sp.LM-bin98	89.4	132	14	0	1	396	58	189	3.6e-72	258.1	Nitrospira-sp.LM-bin98	396	303	100.0
ASV_3394	Nitrospira-sp.LM-bin98	90.2	132	13	0	1	396	58	189	1.1e-71	256.5	Nitrospira-sp.LM-bin98	396	303	100.0
ASV_3423	Nitrospira-sp.LM-bin98	89.4	132	14	0	1	396	58	189	1.8e-71	255.8	Nitrospira-sp.LM-bin98	396	303	100.0
ASV_3424	Nitrospira-sp.LM-bin98	89.4	132	14	0	1	396	58	189	1.8e-71	255.8	Nitrospira-sp.LM-bin98	396	303	100.0
ASV_3525	Nitrospira-sp.RSF48	97.0	132	4	0	1	396	58	189	9.9e-62	223.4	Nitrospira-sp.RSF48	396	298	100.0
ASV_3570	Nitrospira-sp.Smid-bin44	90.2	132	13	0	1	396	58	189	5.2e-71	254.2	Nitrospira-sp.Smid-bin44	396	294	100.0
ASV_3571	Nitrospira-sp.LM-bin98	90.2	132	13	0	1	396	58	189	1.1e-71	256.5	Nitrospira-sp.LM-bin98	396	303	100.0
ASV_3589	Nitrospira-sp.Smid-bin44	100.0	132	0	0	1	396	58	189	1.2e-78	279.6	Nitrospira-sp.Smid-bin44	396	294	100.0
ASV_3599	Nitrospira-sp.Smid-bin44	89.4	132	14	0	1	396	58	189	1.4e-71	256.1	Nitrospira-sp.Smid-bin44	396	294	100.0
ASV_3618	Nitrospira-sp.Smid-bin44	87.1	132	17	0	1	396	58	189	1.5e-70	252.7	Nitrospira-sp.Smid-bin44	396	294	100.0
ASV_3683	Nitrospira-sp.Smid-bin44	100.0	132	0	0	1	396	58	189	1.2e-78	279.6	Nitrospira-sp.Smid-bin44	396	294	100.0
ASV_3703	Nitrospira-sp.LPPL-bin249	96.2	132	5	0	1	396	58	189	2.4e-76	271.9	Nitrospira-sp.LPPL-bin249	396	298	100.0
ASV_3705	Nitrospira-sp.Smid-bin44	96.2	131	5	0	1	393	58	188	1.9e-76	272.3	Nitrospira-sp.Smid-bin44	396	294	99.2
ASV_3742	Nitrospira-sp.LM-bin98	94.7	132	7	0	1	396	58	189	2.1e-75	268.9	Nitrospira-sp.LM-bin98	396	303	100.0
ASV_3743	Nitrospira-sp.Smid-bin44	93.9	132	8	0	1	396	58	189	1.0e-74	266.5	Nitrospira-sp.Smid-bin44	396	294	100.0
ASV_3786	Nitrospira-sp.LM-bin98	90.9	132	12	0	1	396	58	189	7.3e-73	260.4	Nitrospira-sp.LM-bin98	396	303	100.0
ASV_3794	Nitrospira-sp.Smid-bin44	88.6	132	15	0	1	396	58	189	4.0e-71	254.6	Nitrospira-sp.Smid-bin44	396	294	100.0
ASV_3795	Nitrospira-sp.GGF-bin22	86.4	132	18	0	1	396	58	189	4.0e-71	254.6	Nitrospira-sp.GGF-bin22	396	297	100.0
ASV_3802	Nitrospira-sp.LPPL-bin249	90.2	132	13	0	1	396	58	189	5.6e-73	260.8	Nitrospira-sp.LPPL-bin249	396	298	100.0
ASV_3805	Nitrospira-sp.GGF-bin22	87.1	132	17	0	1	396	58	189	1.4e-71	256.1	Nitrospira-sp.GGF-bin22	396	297	100.0
ASV_3807	Nitrospira-sp.LPPL-bin249	91.7	132	11	0	1	396	58	189	1.7e-74	265.8	Nitrospira-sp.LPPL-bin249	396	298	100.0
ASV_3817	Nitrospira-sp.CTRL-LIN-TMP1	98.5	132	2	0	1	396	56	187	5.6e-73	260.8	Nitrospira-sp.CTRL-LIN-TMP1	396	280	100.0
ASV_3822	Nitrospira-sp.LM-bin98	90.9	132	12	0	1	396	58	189	7.3e-73	260.4	Nitrospira-sp.LM-bin98	396	303	100.0
ASV_3829	Nitrospira-sp.Smid-bin44	91.7	132	11	0	1	396	58	189	6.6e-74	263.8	Nitrospira-sp.Smid-bin44	396	294	100.0
ASV_3833	Nitrospira-sp.LPPL-bin249	96.2	132	5	0	1	396	58	189	1.1e-76	273.1	Nitrospira-sp.LPPL-bin249	396	298	100.0
ASV_3855	Nitrospira-sp.Smid-bin44	88.6	132	15	0	1	396	58	189	2.0e-70	252.3	Nitrospira-sp.Smid-bin44	396	294	100.0
ASV_3880	Nitrospira-sp.GGF-bin22	97.0	132	4	0	1	396	58	189	4.9e-77	274.2	Nitrospira-sp.GGF-bin22	396	297	100.0
ASV_3887	Nitrospira-sp.Smid-bin44	98.5	131	2	0	1	393	58	188	2.2e-77	275.4	Nitrospira-sp.Smid-bin44	396	294	99.2
ASV_3901	Nitrospira-sp.LM-bin98	89.4	132	14	0	1	396	58	189	4.0e-71	254.6	Nitrospira-sp.LM-bin98	396	303	100.0
ASV_3960	Nitrospira-sp.kreftii	53.1	96	45	0	4	291	57	152	3.5e-27	108.2	Nitrospira-sp.kreftii	299	281	96.3
ASV_3968	Nitrospira-sp.LPPL-bin249	96.2	132	5	0	1	396	58	189	1.1e-76	273.1	Nitrospira-sp.LPPL-bin249	396	298	100.0
ASV_3970	Nitrospira-sp.RCB	93.2	132	9	0	1	396	58	189	5.4e-76	270.8	Nitrospira-sp.RCB	396	298	100.0
ASV_4006	Nitrospira-sp.RSF10-CG24-C	90.9	132	12	0	1	396	58	189	2.1e-72	258.8	Nitrospira-sp.RSF10-CG24-C	396	297	100.0
ASV_4034	Nitrospira-sp.KgW63	44.8	96	53	0	4	291	57	152	5.7e-22	90.9	Nitrospira-sp.KgW63	294	281	98.0
ASV_4037	Nitrospira-sp.CTRL-LIN-TMP1	100.0	132	0	0	1	396	56	187	2.5e-73	261.9	Nitrospira-sp.CTRL-LIN-TMP1	396	280	100.0
ASV_4068	Nitrospira-sp.LM-bin98	90.2	132	13	0	1	396	58	189	1.4e-71	256.1	Nitrospira-sp.LM-bin98	396	303	100.0
ASV_4069	Nitrospira-sp.LPPL-bin249	90.9	132	12	0	1	396	58	189	1.9e-73	262.3	Nitrospira-sp.LPPL-bin249	396	298	100.0
ASV_4071	Nitrospira-sp.GGF-bin22	88.6	132	15	0	1	396	58	189	7.3e-73	260.4	Nitrospira-sp.GGF-bin22	396	297	100.0
ASV_4110	Nitrospira-sp.LPPL-bin249	93.9	132	8	0	1	396	58	189	1.6e-75	269.2	Nitrospira-sp.LPPL-bin249	396	298	100.0
ASV_4139	Nitrospira-sp.Smid-bin44	87.9	132	16	0	1	396	58	189	1.2e-70	253.1	Nitrospira-sp.Smid-bin44	396	294	100.0
ASV_4200	Nitrospira-sp.CTRL-LIN-TMP1	99.2	132	1	0	1	396	56	187	4.3e-73	261.2	Nitrospira-sp.CTRL-LIN-TMP1	396	280	100.0
ASV_4210	Nitrospira-sp.Smid-bin44	90.2	132	13	0	1	396	58	189	1.1e-71	256.5	Nitrospira-sp.Smid-bin44	396	294	100.0
ASV_4223	Nitrospira-sp.LM-bin98	87.9	132	16	0	1	396	58	189	1.2e-70	253.1	Nitrospira-sp.LM-bin98	396	303	100.0
ASV_4288	Nitrospira-sp.LM-bin98	97.7	132	3	0	1	396	58	189	2.9e-77	275.0	Nitrospira-sp.LM-bin98	396	303	100.0
ASV_4345	Nitrospira-sp.LPPL-bin249	90.9	132	12	0	1	396	58	189	8.7e-74	263.5	Nitrospira-sp.LPPL-bin249	396	298	100.0
ASV_4369	Nitrospira-sp.Smid-bin44	87.9	132	16	0	1	396	58	189	1.2e-70	253.1	Nitrospira-sp.Smid-bin44	396	294	100.0
ASV_4391	Nitrospira-sp.Smid-bin44	87.9	132	16	0	1	396	58	189	1.2e-70	253.1	Nitrospira-sp.Smid-bin44	396	294	100.0
ASV_4403	Nitrospira-sp.KgW63	45.6	103	54	1	4	312	57	157	5.9e-25	100.9	Nitrospira-sp.KgW63	314	281	98.4
ASV_4421	Nitrospira-sp.RBC001	62.3	130	49	0	3	392	58	187	7.8e-51	187.2	Nitrospira-sp.RBC001	392	281	99.5
ASV_4422	Nitrospira-sp.Smid-bin44	91.7	132	11	0	1	396	58	189	6.6e-74	263.8	Nitrospira-sp.Smid-bin44	396	294	100.0
ASV_4426	Nitrospira-sp.Smid-bin44	90.2	132	13	0	1	396	58	189	3.6e-72	258.1	Nitrospira-sp.Smid-bin44	396	294	100.0
ASV_4457	Nitrospira-sp.LM-bin98	89.4	132	14	0	1	396	58	189	1.8e-71	255.8	Nitrospira-sp.LM-bin98	396	303	100.0
ASV_4458	Nitrospira-sp.Smid-bin44	93.9	132	8	0	1	396	58	189	1.6e-75	269.2	Nitrospira-sp.Smid-bin44	396	294	100.0
ASV_4514	Nitrospira-sp.Smid-bin44	100.0	132	0	0	1	396	58	189	1.2e-78	279.6	Nitrospira-sp.Smid-bin44	396	294	100.0
ASV_4518	Nitrospira-sp.Smid-bin44	100.0	132	0	0	1	396	58	189	1.2e-78	279.6	Nitrospira-sp.Smid-bin44	396	294	100.0
ASV_4551	Nitrospira-sp.LPPL-bin249	94.7	132	7	0	1	396	58	189	1.9e-76	272.3	Nitrospira-sp.LPPL-bin249	396	298	100.0
ASV_4569	Nitrospira-sp.LPPL-bin249	89.4	132	14	0	1	396	58	189	8.1e-72	256.9	Nitrospira-sp.LPPL-bin249	396	298	100.0
ASV_4572	Nitrospira-sp.Smid-bin44	100.0	132	0	0	1	396	58	189	1.2e-78	279.6	Nitrospira-sp.Smid-bin44	396	294	100.0
ASV_4587	Nitrospira-sp.LPPL-bin249	95.5	132	6	0	1	396	58	189	1.4e-76	272.7	Nitrospira-sp.LPPL-bin249	396	298	100.0
ASV_4607	Nitrospira-sp.GGF-bin22	87.1	132	17	0	1	396	58	189	2.4e-71	255.4	Nitrospira-sp.GGF-bin22	396	297	100.0
ASV_4611	Nitrospira-sp.LPPL-bin249	98.5	132	2	0	1	396	58	189	3.4e-78	278.1	Nitrospira-sp.LPPL-bin249	396	298	100.0
ASV_4625	Nitrospira-sp.LM-bin98	89.4	132	14	0	1	396	58	189	4.0e-71	254.6	Nitrospira-sp.LM-bin98	396	303	100.0
ASV_4681	Nitrospira-sp.Smid-bin44	100.0	132	0	0	1	396	58	189	1.2e-78	279.6	Nitrospira-sp.Smid-bin44	396	294	100.0
ASV_4785	Nitrospira-sp.Smid-bin44	87.9	132	16	0	1	396	58	189	1.2e-70	253.1	Nitrospira-sp.Smid-bin44	396	294	100.0
ASV_4803	Nitrospira-sp.RCB	85.4	103	15	0	1	309	87	189	5.0e-53	194.1	Nitrospira-sp.RCB	309	298	100.0
ASV_4809	Nitrospira-sp.GGF-bin22	96.2	132	5	0	1	396	58	189	6.4e-77	273.9	Nitrospira-sp.GGF-bin22	396	297	100.0
ASV_4815	Nitrospira-sp.Smid-bin44	87.9	132	16	0	1	396	58	189	1.2e-70	253.1	Nitrospira-sp.Smid-bin44	396	294	100.0
ASV_4824	Nitrospira-sp.kreftii	97.7	132	3	0	1	396	56	187	1.4e-76	272.7	Nitrospira-sp.kreftii	396	281	100.0
ASV_4848	Nitrospira-sp.LPPL-bin249	95.1	103	5	0	1	309	87	189	1.2e-57	209.5	Nitrospira-sp.LPPL-bin249	309	298	100.0
ASV_4849	Nitrospira-sp.Smid-bin44	88.6	132	15	0	1	396	58	189	3.1e-71	255.0	Nitrospira-sp.Smid-bin44	396	294	100.0
ASV_4908	Nitrospira-sp.LPPL-bin249	97.7	132	3	0	1	396	58	189	9.9e-78	276.6	Nitrospira-sp.LPPL-bin249	396	298	100.0
ASV_4916	Nitrospira-sp.Smid-bin44	93.2	132	9	0	1	396	58	189	7.8e-75	266.9	Nitrospira-sp.Smid-bin44	396	294	100.0
ASV_4939	Nitrospira-sp.CTRL-LIN-TMP1	97.7	132	3	0	1	396	56	187	1.2e-72	259.6	Nitrospira-sp.CTRL-LIN-TMP1	396	280	100.0
ASV_4992	Nitrospira-sp.Smid-bin44	90.2	132	13	0	1	396	58	189	3.6e-72	258.1	Nitrospira-sp.Smid-bin44	396	294	100.0
ASV_4993	Nitrospira-sp.Smid-bin44	89.4	132	14	0	1	396	58	189	1.4e-71	256.1	Nitrospira-sp.Smid-bin44	396	294	100.0
ASV_4994	Nitrospira-sp.Smid-bin44	89.4	132	14	0	1	396	58	189	1.1e-71	256.5	Nitrospira-sp.Smid-bin44	396	294	100.0
ASV_5003	Nitrospira-sp.LM-bin98	88.6	132	15	0	1	396	58	189	6.2e-72	257.3	Nitrospira-sp.LM-bin98	396	303	100.0
ASV_5040	Nitrospira-sp.LPPL-bin249	91.7	132	11	0	1	396	58	189	1.7e-74	265.8	Nitrospira-sp.LPPL-bin249	396	298	100.0
ASV_5048	Nitrospira-sp.LPPL-bin249	97.0	132	4	0	1	396	58	189	8.4e-77	273.5	Nitrospira-sp.LPPL-bin249	396	298	100.0
ASV_5051	Nitrospira-sp.LPPL-bin249	97.0	132	4	0	1	396	58	189	8.4e-77	273.5	Nitrospira-sp.LPPL-bin249	396	298	100.0
ASV_5073	Nitrospira-sp.ACE10	97.7	132	3	0	1	396	56	187	9.9e-78	276.6	Nitrospira-sp.ACE10	396	281	100.0
ASV_5097	Nitrospira-sp.LPPL-bin249	96.2	132	5	0	1	396	58	189	6.4e-77	273.9	Nitrospira-sp.LPPL-bin249	396	298	100.0
ASV_5135	Nitrospira-sp.GGF-bin22	97.0	132	4	0	1	396	58	189	8.4e-77	273.5	Nitrospira-sp.GGF-bin22	396	297	100.0
ASV_5143	Nitrospira-sp.Smid-bin44	100.0	132	0	0	1	396	58	189	1.2e-78	279.6	Nitrospira-sp.Smid-bin44	396	294	100.0
ASV_5146	Nitrospira-sp.Smid-bin44	98.5	132	2	0	1	396	58	189	5.8e-78	277.3	Nitrospira-sp.Smid-bin44	396	294	100.0
ASV_5160	Nitrospira-sp.Smid-bin44	99.2	132	1	0	1	396	58	189	2.0e-78	278.9	Nitrospira-sp.Smid-bin44	396	294	100.0
ASV_5165	Nitrospira-sp.GGF-bin22	97.0	132	4	0	1	396	58	189	8.4e-77	273.5	Nitrospira-sp.GGF-bin22	396	297	100.0
ASV_5171	Nitrospira-sp.LPPL-bin249	94.7	132	7	0	1	396	58	189	8.4e-77	273.5	Nitrospira-sp.LPPL-bin249	396	298	100.0
ASV_5204	Nitrospira-sp.CTRL-LIN-TMP1	100.0	132	0	0	1	396	56	187	2.5e-73	261.9	Nitrospira-sp.CTRL-LIN-TMP1	396	280	100.0
ASV_5221	Nitrospira-sp.LPPL-bin249	97.0	132	4	0	1	396	58	189	1.1e-76	273.1	Nitrospira-sp.LPPL-bin249	396	298	100.0
ASV_5264	Nitrospira-sp.kreftii	58.3	132	55	0	1	396	56	187	3.3e-49	181.8	Nitrospira-sp.kreftii	396	281	100.0
ASV_5284	Nitrospira-sp.GGF-bin22	87.9	132	16	0	1	396	58	189	9.6e-73	260.0	Nitrospira-sp.GGF-bin22	396	297	100.0
ASV_5305	Nitrospira-sp.LPPL-bin249	96.2	132	5	0	1	396	58	189	6.4e-77	273.9	Nitrospira-sp.LPPL-bin249	396	298	100.0
ASV_5327	Nitrospira-sp.LPPL-bin249	96.1	103	4	0	1	309	87	189	2.0e-57	208.8	Nitrospira-sp.LPPL-bin249	309	298	100.0
ASV_5328	Nitrospira-sp.LPPL-bin249	96.2	132	5	0	1	396	58	189	1.1e-76	273.1	Nitrospira-sp.LPPL-bin249	396	298	100.0
ASV_5329	Nitrospira-sp.LPPL-bin249	97.0	132	4	0	1	396	58	189	8.4e-77	273.5	Nitrospira-sp.LPPL-bin249	396	298	100.0
ASV_5342	Nitrospira-sp.LM-bin98	87.9	132	16	0	1	396	58	189	9.0e-71	253.4	Nitrospira-sp.LM-bin98	396	303	100.0
ASV_5364	Nitrospira-sp.Smid-bin44	98.5	132	2	0	1	396	58	189	7.6e-78	276.9	Nitrospira-sp.Smid-bin44	396	294	100.0
ASV_5370	Nitrospira-sp.LPPL-bin249	94.7	132	7	0	1	396	58	189	1.2e-75	269.6	Nitrospira-sp.LPPL-bin249	396	298	100.0
ASV_5380	Nitrospira-sp.RCB	90.2	132	13	0	1	396	58	189	7.3e-73	260.4	Nitrospira-sp.RCB	396	298	100.0
ASV_5399	Nitrospira-sp.Smid-bin44	100.0	132	0	0	1	396	58	189	1.2e-78	279.6	Nitrospira-sp.Smid-bin44	396	294	100.0
ASV_5415	Nitrospira-sp.CTRL-LIN-TMP1	98.5	132	2	0	1	396	56	187	1.1e-71	256.5	Nitrospira-sp.CTRL-LIN-TMP1	396	280	100.0
ASV_5444	Nitrospira-sp.Smid-bin44	88.6	132	15	0	1	396	58	189	1.8e-71	255.8	Nitrospira-sp.Smid-bin44	396	294	100.0
ASV_5451	Nitrospira-sp.RSF10-CG24-C	93.2	132	9	0	1	396	58	189	6.6e-74	263.8	Nitrospira-sp.RSF10-CG24-C	396	297	100.0
ASV_5460	Nitrospira-sp.GGF-bin22	87.1	132	17	0	1	396	58	189	2.4e-71	255.4	Nitrospira-sp.GGF-bin22	396	297	100.0
ASV_5469	Nitrospira-sp.Smid-bin44	97.0	132	4	0	1	396	58	189	2.9e-77	275.0	Nitrospira-sp.Smid-bin44	396	294	100.0
ASV_5470	Nitrospira-sp.RSF3	91.7	132	11	0	1	396	58	189	8.1e-72	256.9	Nitrospira-sp.RSF3	396	297	100.0
ASV_5471	Nitrospira-sp.GGF-bin22	86.4	132	18	0	1	396	58	189	3.4e-70	251.5	Nitrospira-sp.GGF-bin22	396	297	100.0
ASV_5474	Nitrospira-sp.Smid-bin44	89.4	132	14	0	1	396	58	189	1.1e-71	256.5	Nitrospira-sp.Smid-bin44	396	294	100.0
ASV_5475	Nitrospira-sp.Smid-bin44	97.0	132	4	0	1	396	58	189	2.9e-77	275.0	Nitrospira-sp.Smid-bin44	396	294	100.0
ASV_5491	Nitrospira-sp.LM-bin98	89.4	132	14	0	1	396	58	189	1.4e-71	256.1	Nitrospira-sp.LM-bin98	396	303	100.0
ASV_5514	Nitrospira-sp.LPPL-bin249	99.2	132	1	0	1	396	58	189	2.0e-78	278.9	Nitrospira-sp.LPPL-bin249	396	298	100.0
ASV_5517	Nitrospira-sp.LPPL-bin249	96.2	132	5	0	1	396	58	189	1.1e-76	273.1	Nitrospira-sp.LPPL-bin249	396	298	100.0
ASV_5523	Nitrospira-sp.GGF-bin22	97.1	103	3	0	1	309	87	189	2.3e-58	211.8	Nitrospira-sp.GGF-bin22	309	297	100.0
ASV_5525	Nitrospira-sp.LPPL-bin249	97.0	132	4	0	1	396	58	189	2.9e-77	275.0	Nitrospira-sp.LPPL-bin249	396	298	100.0
ASV_5574	Nitrospira-sp.KgW63	44.8	96	53	0	4	291	57	152	2.8e-21	88.6	Nitrospira-sp.KgW63	294	281	98.0
ASV_5582	Nitrospira-sp.LPPL-bin249	96.1	103	4	0	1	309	87	189	6.8e-58	210.3	Nitrospira-sp.LPPL-bin249	309	298	100.0
ASV_5601	Nitrospira-sp.Smid-bin44	98.5	132	2	0	1	396	58	189	5.8e-78	277.3	Nitrospira-sp.Smid-bin44	396	294	100.0
ASV_5614	Nitrospira-sp.GGF-bin22	86.4	132	18	0	1	396	58	189	3.4e-70	251.5	Nitrospira-sp.GGF-bin22	396	297	100.0
ASV_5624	Nitrospira-sp.LM-bin98	90.2	132	13	0	1	396	58	189	8.1e-72	256.9	Nitrospira-sp.LM-bin98	396	303	100.0
ASV_5626	Nitrospira-sp.Smid-bin44	100.0	132	0	0	1	396	58	189	1.2e-78	279.6	Nitrospira-sp.Smid-bin44	396	294	100.0
ASV_5644	Nitrospira-sp.LPPL-bin249	97.0	132	4	0	1	396	58	189	1.1e-76	273.1	Nitrospira-sp.LPPL-bin249	396	298	100.0
ASV_5645	Nitrospira-sp.LPPL-bin249	97.0	132	4	0	1	396	58	189	1.1e-76	273.1	Nitrospira-sp.LPPL-bin249	396	298	100.0
ASV_5653	Nitrospira-sp.Smid-bin44	89.4	132	14	0	1	396	58	189	1.1e-71	256.5	Nitrospira-sp.Smid-bin44	396	294	100.0
ASV_5661	Nitrospira-sp.RSF10-CG24-C	98.5	132	2	0	1	396	58	189	1.7e-77	275.8	Nitrospira-sp.RSF10-CG24-C	396	297	100.0
ASV_5698	Nitrospira-sp.LM-bin98	90.9	132	12	0	1	396	58	189	3.3e-73	261.5	Nitrospira-sp.LM-bin98	396	303	100.0
ASV_5712	Nitrospira-sp.GGF-bin22	87.1	132	17	0	1	396	58	189	3.1e-71	255.0	Nitrospira-sp.GGF-bin22	396	297	100.0
ASV_5713	Nitrospira-sp.GGF-bin22	85.6	132	19	0	1	396	58	189	5.2e-71	254.2	Nitrospira-sp.GGF-bin22	396	297	100.0
ASV_5714	Nitrospira-sp.Smid-bin44	90.9	132	12	0	1	396	58	189	2.1e-72	258.8	Nitrospira-sp.Smid-bin44	396	294	100.0
ASV_5715	Nitrospira-sp.LPPL-bin249	97.0	132	4	0	1	396	58	189	2.2e-77	275.4	Nitrospira-sp.LPPL-bin249	396	298	100.0
ASV_5716	Nitrospira-sp.LPPL-bin249	96.2	132	5	0	1	396	58	189	8.4e-77	273.5	Nitrospira-sp.LPPL-bin249	396	298	100.0
ASV_5717	Nitrospira-sp.RSF10-CG24-C	97.0	132	4	0	1	396	58	189	1.1e-76	273.1	Nitrospira-sp.RSF10-CG24-C	396	297	100.0
ASV_5718	Nitrospira-sp.LPPL-bin249	98.5	132	2	0	1	396	58	189	2.6e-78	278.5	Nitrospira-sp.LPPL-bin249	396	298	100.0
ASV_5719	Nitrospira-sp.Smid-bin44	98.5	132	2	0	1	396	58	189	7.6e-78	276.9	Nitrospira-sp.Smid-bin44	396	294	100.0
ASV_5720	Nitrospira-sp.Smid-bin44	98.5	132	2	0	1	396	58	189	7.6e-78	276.9	Nitrospira-sp.Smid-bin44	396	294	100.0
ASV_5721	Nitrospira-sp.Smid-bin44	98.5	132	2	0	1	396	58	189	5.8e-78	277.3	Nitrospira-sp.Smid-bin44	396	294	100.0
ASV_5722	Nitrospira-sp.LPPL-bin249	95.5	132	6	0	1	396	58	189	1.4e-76	272.7	Nitrospira-sp.LPPL-bin249	396	298	100.0
ASV_5723	Nitrospira-sp.LPPL-bin249	94.7	132	7	0	1	396	58	189	1.9e-76	272.3	Nitrospira-sp.LPPL-bin249	396	298	100.0
ASV_5724	Nitrospira-sp.LPPL-bin249	97.0	132	4	0	1	396	58	189	3.8e-77	274.6	Nitrospira-sp.LPPL-bin249	396	298	100.0
ASV_5725	Nitrospira-sp.GGF-bin22	92.4	132	10	0	1	396	58	189	5.4e-76	270.8	Nitrospira-sp.GGF-bin22	396	297	100.0
ASV_5726	Nitrospira-sp.Smid-bin44	90.9	132	12	0	1	396	58	189	1.2e-72	259.6	Nitrospira-sp.Smid-bin44	396	294	100.0
ASV_5727	Nitrospira-sp.Smid-bin44	90.9	132	12	0	1	396	58	189	3.6e-72	258.1	Nitrospira-sp.Smid-bin44	396	294	100.0
ASV_5728	Nitrospira-sp.Smid-bin44	87.1	132	17	0	1	396	58	189	1.5e-70	252.7	Nitrospira-sp.Smid-bin44	396	294	100.0
ASV_5729	Nitrospira-sp.Smid-bin44	87.1	132	17	0	1	396	58	189	1.5e-70	252.7	Nitrospira-sp.Smid-bin44	396	294	100.0
ASV_5730	Nitrospira-sp.LPPL-bin249	95.1	103	5	0	1	309	87	189	7.5e-57	206.8	Nitrospira-sp.LPPL-bin249	309	298	100.0
ASV_5731	Nitrospira-sp.LPPL-bin249	96.1	103	4	0	1	309	87	189	5.7e-57	207.2	Nitrospira-sp.LPPL-bin249	309	298	100.0
ASV_5732	Nitrospira-sp.LPPL-bin249	94.7	132	7	0	1	396	58	189	8.4e-77	273.5	Nitrospira-sp.LPPL-bin249	396	298	100.0
